trade_time,open,close,volume,high,low,amount,change,change_pct,turnover_ratio,pre_close,stock_code,trade_date
2021-01-04 00:00:00,18.41,17.91,155421643,18.41,17.75,2891682312.0,-0.74,-3.97,0.80,18.65,000001,2021-01-04
2021-01-05 00:00:00,17.71,17.48,182135210,17.79,17.11,3284606913.0,-0.43,-2.4,0.94,17.91,000001,2021-01-05
2021-01-06 00:00:00,17.39,18.87,193494512,18.87,17.31,3648521909.0,1.39,7.95,1.00,17.48,000001,2021-01-06
2021-01-07 00:00:00,18.83,19.21,158418530,19.29,18.54,3111274625.0,0.34,1.8,0.82,18.87,000001,2021-01-07
2021-01-08 00:00:00,19.21,19.16,119547322,19.41,18.62,2348316363.0,-0.05,-0.26,0.62,19.21,000001,2021-01-08
2021-01-11 00:00:00,19.31,19.69,179045714,19.95,19.31,3652546646.0,0.53,2.77,0.92,19.16,000001,2021-01-11
2021-01-12 00:00:00,19.70,20.31,128816550,20.31,19.49,2657687440.0,0.62,3.15,0.66,19.69,000001,2021-01-12
2021-01-13 00:00:00,20.31,20.01,104911973,20.32,19.71,2161849708.0,-0.3,-1.48,0.54,20.31,000001,2021-01-13
2021-01-14 00:00:00,19.99,19.48,113015562,20.20,19.26,2306404546.0,-0.53,-2.65,0.58,20.01,000001,2021-01-14
2021-01-15 00:00:00,20.31,20.31,248068898,21.26,20.13,5311218074.0,0.83,4.26,1.28,19.48,000001,2021-01-15
2021-01-18 00:00:00,20.51,22.01,215730178,22.09,20.51,4792909447.0,1.7,8.37,1.11,20.31,000001,2021-01-18
2021-01-19 00:00:00,21.82,21.65,124208834,22.15,21.36,2790056611.0,-0.36,-1.64,0.64,22.01,000001,2021-01-19
2021-01-20 00:00:00,21.46,21.78,128079316,22.28,21.43,2889249850.0,0.13,0.6,0.66,21.65,000001,2021-01-20
2021-01-21 00:00:00,21.81,21.54,94477860,22.11,21.46,2114252731.0,-0.24,-1.1,0.49,21.78,000001,2021-01-21
2021-01-22 00:00:00,21.54,21.34,92443442,21.54,20.82,2025834761.0,-0.2,-0.93,0.48,21.54,000001,2021-01-22
2021-01-25 00:00:00,21.03,21.80,102836527,21.91,20.74,2269032820.0,0.46,2.16,0.53,21.34,000001,2021-01-25
2021-01-26 00:00:00,21.61,21.68,112672055,22.63,21.61,2558575511.0,-0.12,-0.55,0.58,21.80,000001,2021-01-26
2021-01-27 00:00:00,21.62,22.39,129415272,22.78,21.62,2976800955.0,0.71,3.27,0.67,21.68,000001,2021-01-27
2021-01-28 00:00:00,22.09,22.12,85747696,22.49,21.76,1948881146.0,-0.27,-1.21,0.44,22.39,000001,2021-01-28
2021-01-29 00:00:00,22.12,22.40,124025841,22.85,22.02,2864101419.0,0.28,1.27,0.64,22.12,000001,2021-01-29
2021-02-01 00:00:00,22.31,23.86,147523930,24.30,22.01,3529556986.0,1.46,6.52,0.76,22.40,000001,2021-02-01
2021-02-02 00:00:00,22.69,22.59,241616877,23.41,22.22,5679179941.0,-1.27,-5.32,1.25,23.86,000001,2021-02-02
2021-02-03 00:00:00,22.79,24.26,192327159,24.49,22.69,4690176486.0,1.67,7.39,0.99,22.59,000001,2021-02-03
2021-02-04 00:00:00,23.49,23.91,125524750,24.55,23.35,3084553750.0,-0.35,-1.44,0.65,24.26,000001,2021-02-04
2021-02-05 00:00:00,23.91,24.24,101557559,24.62,23.58,2517804159.0,0.33,1.38,0.52,23.91,000001,2021-02-05
2021-02-08 00:00:00,24.21,24.11,108426467,24.21,23.41,2650948251.0,-0.13,-0.54,0.56,24.24,000001,2021-02-08
2021-02-09 00:00:00,24.10,23.89,94209355,24.15,23.48,2302978158.0,-0.22,-0.91,0.49,24.11,000001,2021-02-09
2021-02-10 00:00:00,23.91,23.13,191886710,24.27,22.69,4569741959.0,-0.76,-3.18,0.99,23.89,000001,2021-02-10
2021-02-18 00:00:00,23.31,23.61,150523081,23.86,22.79,3619387651.0,0.48,2.08,0.78,23.13,000001,2021-02-18
2021-02-19 00:00:00,23.27,23.16,92258314,23.50,22.88,2197558286.0,-0.45,-1.91,0.48,23.61,000001,2021-02-19
2021-02-22 00:00:00,23.11,21.69,195684248,23.11,21.57,4445818547.0,-1.47,-6.35,1.01,23.16,000001,2021-02-22
2021-02-23 00:00:00,21.69,21.24,187046013,21.99,21.13,4160776611.0,-0.45,-2.07,0.96,21.69,000001,2021-02-23
2021-02-24 00:00:00,21.58,21.47,142849985,21.59,20.87,3144209051.0,0.23,1.08,0.74,21.24,000001,2021-02-24
2021-02-25 00:00:00,21.71,21.40,159340347,21.87,20.99,3524600794.0,-0.07,-0.33,0.82,21.47,000001,2021-02-25
2021-02-26 00:00:00,20.91,20.69,112497730,21.27,20.52,2424653753.0,-0.71,-3.32,0.58,21.40,000001,2021-02-26
2021-03-01 00:00:00,20.85,20.76,112538653,20.99,20.49,2408050906.0,0.07,0.34,0.58,20.69,000001,2021-03-01
2021-03-02 00:00:00,20.93,20.96,147342505,21.46,20.57,3196536981.0,0.2,0.96,0.76,20.76,000001,2021-03-02
2021-03-03 00:00:00,20.89,22.32,191963527,22.39,20.77,4320024431.0,1.36,6.49,0.99,20.96,000001,2021-03-03
2021-03-04 00:00:00,22.08,22.23,121357937,22.80,21.96,2799747146.0,-0.09,-0.4,0.63,22.32,000001,2021-03-04
2021-03-05 00:00:00,22.01,21.65,88017141,22.29,21.17,1960439115.0,-0.58,-2.61,0.45,22.23,000001,2021-03-05
2021-03-08 00:00:00,21.75,20.91,99377397,22.00,20.79,2189190957.0,-0.74,-3.42,0.51,21.65,000001,2021-03-08
2021-03-09 00:00:00,20.99,20.16,136189533,21.23,19.89,2882931927.0,-0.75,-3.59,0.70,20.91,000001,2021-03-09
2021-03-10 00:00:00,20.15,19.71,114941657,20.22,19.59,2356185003.0,-0.45,-2.23,0.59,20.16,000001,2021-03-10
2021-03-11 00:00:00,19.89,20.58,104865939,20.69,19.87,2213107787.0,0.87,4.41,0.54,19.71,000001,2021-03-11
2021-03-12 00:00:00,20.68,20.79,69720060,21.01,20.51,1494219075.0,0.21,1.02,0.36,20.58,000001,2021-03-12
2021-03-15 00:00:00,20.71,20.91,95874870,21.43,20.42,2077984893.0,0.12,0.58,0.49,20.79,000001,2021-03-15
2021-03-16 00:00:00,20.91,20.97,93968432,21.42,20.58,2038470660.0,0.06,0.29,0.48,20.91,000001,2021-03-16
2021-03-17 00:00:00,20.76,20.51,82148865,20.86,20.21,1738185857.0,-0.46,-2.19,0.42,20.97,000001,2021-03-17
2021-03-18 00:00:00,20.61,21.04,69161019,21.04,20.31,1483801548.0,0.53,2.58,0.36,20.51,000001,2021-03-18
2021-03-19 00:00:00,20.84,19.78,152562227,20.96,19.68,3159181042.0,-1.26,-5.99,0.79,21.04,000001,2021-03-19
2021-03-22 00:00:00,19.86,20.86,145119008,20.86,19.84,3087549484.0,1.08,5.46,0.75,19.78,000001,2021-03-22
2021-03-23 00:00:00,20.88,20.54,68290338,20.96,20.27,1448043613.0,-0.32,-1.53,0.35,20.86,000001,2021-03-23
2021-03-24 00:00:00,20.52,19.84,85008507,20.59,19.76,1757688572.0,-0.7,-3.41,0.44,20.54,000001,2021-03-24
2021-03-25 00:00:00,19.89,20.06,49266574,20.14,19.71,1017166048.0,0.22,1.11,0.25,19.84,000001,2021-03-25
2021-03-26 00:00:00,20.15,20.45,82210806,20.71,20.07,1733412579.0,0.39,1.94,0.42,20.06,000001,2021-03-26
2021-03-29 00:00:00,20.59,20.80,78566668,20.96,20.51,1684397866.0,0.35,1.71,0.40,20.45,000001,2021-03-29
2021-03-30 00:00:00,20.69,21.24,73865481,21.24,20.52,1601238499.0,0.44,2.12,0.38,20.80,000001,2021-03-30
2021-03-31 00:00:00,21.08,21.32,77702807,21.38,20.91,1699922183.0,0.08,0.38,0.40,21.24,000001,2021-03-31
2021-04-01 00:00:00,21.39,21.09,54444898,21.42,20.81,1183868023.0,-0.23,-1.08,0.28,21.32,000001,2021-04-01
2021-04-02 00:00:00,21.01,20.81,58108352,21.04,20.67,1249405387.0,-0.28,-1.33,0.30,21.09,000001,2021-04-02
2021-04-06 00:00:00,20.86,20.99,40110282,21.40,20.82,873387016.0,0.18,0.86,0.21,20.81,000001,2021-04-06
2021-04-07 00:00:00,21.19,20.95,51760459,21.24,20.62,1116774452.0,-0.04,-0.19,0.27,20.99,000001,2021-04-07
2021-04-08 00:00:00,20.77,20.87,38302950,21.04,20.64,825170840.0,-0.08,-0.38,0.20,20.95,000001,2021-04-08
2021-04-09 00:00:00,21.02,20.61,39896028,21.03,20.39,849870878.0,-0.26,-1.25,0.21,20.87,000001,2021-04-09
2021-04-12 00:00:00,20.82,20.01,59474314,20.82,19.94,1240067319.0,-0.6,-2.91,0.31,20.61,000001,2021-04-12
2021-04-13 00:00:00,20.03,20.09,49990418,20.19,19.90,1036992692.0,0.08,0.4,0.26,20.01,000001,2021-04-13
2021-04-14 00:00:00,20.10,19.98,53743849,20.25,19.73,1113001541.0,-0.11,-0.55,0.28,20.09,000001,2021-04-14
2021-04-15 00:00:00,20.07,19.67,73586505,20.08,19.39,1494016040.0,-0.31,-1.55,0.38,19.98,000001,2021-04-15
2021-04-16 00:00:00,19.67,19.57,72999826,19.74,19.12,1466509057.0,-0.1,-0.51,0.38,19.67,000001,2021-04-16
2021-04-19 00:00:00,19.34,20.46,111228262,20.55,19.22,2304021478.0,0.89,4.55,0.57,19.57,000001,2021-04-19
2021-04-20 00:00:00,20.39,21.00,83477272,21.26,20.23,1798249024.0,0.54,2.64,0.43,20.46,000001,2021-04-20
2021-04-21 00:00:00,21.61,22.32,159709965,22.50,21.60,3644577541.0,1.32,6.29,0.82,21.00,000001,2021-04-21
2021-04-22 00:00:00,22.50,22.29,82969388,22.54,22.09,1905208911.0,-0.03,-0.13,0.43,22.32,000001,2021-04-22
2021-04-23 00:00:00,22.63,22.60,82323015,22.96,22.38,1920413502.0,0.31,1.39,0.42,22.29,000001,2021-04-23
2021-04-26 00:00:00,23.18,22.25,87241767,23.54,22.21,2037109597.0,-0.35,-1.55,0.45,22.60,000001,2021-04-26
2021-04-27 00:00:00,22.26,22.25,47043140,22.50,22.17,1083043579.0,0.0,0.0,0.24,22.25,000001,2021-04-27
2021-04-28 00:00:00,22.60,22.66,59383793,22.76,22.09,1375141409.0,0.41,1.84,0.31,22.25,000001,2021-04-28
2021-04-29 00:00:00,22.65,22.90,61483688,23.02,22.42,1439823965.0,0.24,1.06,0.32,22.66,000001,2021-04-29
2021-04-30 00:00:00,22.66,22.60,56198132,22.80,22.32,1308177202.0,-0.3,-1.31,0.29,22.90,000001,2021-04-30
2021-05-06 00:00:00,22.41,22.81,50029522,23.01,22.41,1174181608.0,0.21,0.93,0.26,22.60,000001,2021-05-06
2021-05-07 00:00:00,22.98,23.36,80221421,23.61,22.70,1929112374.0,0.55,2.41,0.41,22.81,000001,2021-05-07
2021-05-10 00:00:00,23.31,23.17,66143890,23.35,22.33,1566860764.0,-0.19,-0.81,0.34,23.36,000001,2021-05-10
2021-05-11 00:00:00,22.93,22.84,49722345,23.06,22.37,1161846399.0,-0.33,-1.42,0.26,23.17,000001,2021-05-11
2021-05-12 00:00:00,22.60,22.86,53326526,22.95,22.19,1245517717.0,0.02,0.09,0.27,22.84,000001,2021-05-12
2021-05-13 00:00:00,22.83,22.38,54965250,22.90,22.15,1271946299.0,-0.48,-2.1,0.28,22.86,000001,2021-05-13
2021-05-14 00:00:00,22.63,22.81,56378536,22.92,22.09,1300250944.0,0.43,1.92,0.29,22.38,000001,2021-05-14
2021-05-17 00:00:00,22.64,23.09,52756465,23.31,22.44,1241605192.0,0.28,1.23,0.27,22.81,000001,2021-05-17
2021-05-18 00:00:00,23.34,23.39,39541498,23.60,22.89,939786732.0,0.3,1.3,0.20,23.09,000001,2021-05-18
2021-05-19 00:00:00,23.31,23.09,42942033,23.62,23.01,1022553739.0,-0.3,-1.28,0.22,23.39,000001,2021-05-19
2021-05-20 00:00:00,22.90,23.31,40578837,23.33,22.76,957478854.0,0.22,0.95,0.21,23.09,000001,2021-05-20
2021-05-21 00:00:00,23.37,22.98,53933574,23.58,22.52,1263058115.0,-0.33,-1.42,0.28,23.31,000001,2021-05-21
2021-05-24 00:00:00,22.97,22.97,34393563,23.09,22.68,806092207.0,-0.01,-0.04,0.18,22.98,000001,2021-05-24
2021-05-25 00:00:00,23.03,24.09,97237462,24.22,22.94,2363145903.0,1.12,4.88,0.50,22.97,000001,2021-05-25
2021-05-26 00:00:00,24.13,24.50,91926378,24.61,23.99,2286540249.0,0.41,1.7,0.47,24.09,000001,2021-05-26
2021-05-27 00:00:00,24.40,24.28,50409136,24.65,24.01,1246712049.0,-0.22,-0.9,0.26,24.50,000001,2021-05-27
2021-05-28 00:00:00,24.17,23.99,49240073,24.20,23.65,1200523316.0,-0.29,-1.19,0.25,24.28,000001,2021-05-28
2021-05-31 00:00:00,23.82,23.69,51535081,24.02,23.40,1244209046.0,-0.3,-1.25,0.27,23.99,000001,2021-05-31
2021-06-01 00:00:00,23.69,23.41,62501796,23.74,22.99,1490476625.0,-0.28,-1.18,0.32,23.69,000001,2021-06-01
2021-06-02 00:00:00,23.38,23.38,49752702,23.41,22.87,1176608127.0,-0.03,-0.13,0.26,23.41,000001,2021-06-02
2021-06-03 00:00:00,23.21,23.26,40090085,23.63,23.17,958876472.0,-0.12,-0.51,0.21,23.38,000001,2021-06-03
2021-06-04 00:00:00,23.48,24.03,75673942,24.45,23.29,1851425838.0,0.77,3.31,0.39,23.26,000001,2021-06-04
2021-06-07 00:00:00,23.97,23.79,44791410,23.97,23.42,1081738833.0,-0.24,-1.0,0.23,24.03,000001,2021-06-07
2021-06-08 00:00:00,23.64,24.02,57007792,24.06,23.44,1384120301.0,0.23,0.97,0.29,23.79,000001,2021-06-08
2021-06-09 00:00:00,23.92,24.14,45383150,24.37,23.67,1116771375.0,0.12,0.5,0.23,24.02,000001,2021-06-09
2021-06-10 00:00:00,24.15,23.69,53021516,24.55,23.64,1294972567.0,-0.45,-1.86,0.27,24.14,000001,2021-06-10
2021-06-11 00:00:00,23.80,22.86,83466504,23.84,22.61,1965393116.0,-0.83,-3.5,0.43,23.69,000001,2021-06-11
2021-06-15 00:00:00,22.84,22.71,66062259,22.92,22.29,1524503478.0,-0.15,-0.66,0.34,22.86,000001,2021-06-15
2021-06-16 00:00:00,22.71,22.75,37820804,22.89,22.50,878470834.0,0.04,0.18,0.19,22.71,000001,2021-06-16
2021-06-17 00:00:00,22.51,22.59,45328209,23.18,22.51,1059121804.0,-0.16,-0.7,0.23,22.75,000001,2021-06-17
2021-06-18 00:00:00,22.62,22.14,69409930,22.77,21.88,1574437730.0,-0.45,-1.99,0.36,22.59,000001,2021-06-18
2021-06-21 00:00:00,22.09,21.65,71827274,22.16,21.50,1600119860.0,-0.49,-2.21,0.37,22.14,000001,2021-06-21
2021-06-22 00:00:00,21.87,22.46,75775141,22.58,21.74,1720058047.0,0.81,3.74,0.39,21.65,000001,2021-06-22
2021-06-23 00:00:00,22.34,22.63,44790778,22.90,22.21,1035835696.0,0.17,0.76,0.23,22.46,000001,2021-06-23
2021-06-24 00:00:00,22.52,22.57,39028349,22.61,22.17,894502109.0,-0.06,-0.27,0.20,22.63,000001,2021-06-24
2021-06-25 00:00:00,22.57,22.85,55997295,23.09,22.55,1310287390.0,0.28,1.24,0.29,22.57,000001,2021-06-25
2021-06-28 00:00:00,22.85,22.27,62625737,22.88,21.97,1425702202.0,-0.58,-2.54,0.32,22.85,000001,2021-06-28
2021-06-29 00:00:00,22.07,21.83,104974939,22.28,21.49,2341926371.0,-0.44,-1.98,0.54,22.27,000001,2021-06-29
2021-06-30 00:00:00,21.85,22.11,40343546,22.42,21.84,913285187.0,0.28,1.28,0.21,21.83,000001,2021-06-30
2021-07-01 00:00:00,22.30,22.69,66483330,22.99,22.01,1530548799.0,0.58,2.62,0.34,22.11,000001,2021-07-01
2021-07-02 00:00:00,22.21,21.30,107067756,22.23,21.25,2360189794.0,-1.39,-6.13,0.55,22.69,000001,2021-07-02
2021-07-05 00:00:00,21.18,21.55,85934129,21.64,20.58,1859394324.0,0.25,1.17,0.44,21.30,000001,2021-07-05
2021-07-06 00:00:00,21.57,22.27,79195726,22.49,21.34,1784792786.0,0.72,3.34,0.41,21.55,000001,2021-07-06
2021-07-07 00:00:00,22.17,22.04,46894487,22.54,21.99,1063910096.0,-0.23,-1.03,0.24,22.27,000001,2021-07-07
2021-07-08 00:00:00,22.27,21.00,145705947,22.27,20.69,3140657440.0,-1.04,-4.72,0.75,22.04,000001,2021-07-08
2021-07-09 00:00:00,20.79,20.76,76236474,21.12,20.51,1625461608.0,-0.24,-1.14,0.39,21.00,000001,2021-07-09
2021-07-12 00:00:00,20.99,20.65,87790102,20.99,20.38,1859059510.0,-0.11,-0.53,0.45,20.76,000001,2021-07-12
2021-07-13 00:00:00,20.64,20.61,65761395,20.83,20.03,1382029130.0,-0.04,-0.19,0.34,20.65,000001,2021-07-13
2021-07-14 00:00:00,20.49,20.25,84795055,20.49,19.90,1755810875.0,-0.36,-1.75,0.44,20.61,000001,2021-07-14
2021-07-15 00:00:00,20.21,21.11,95600305,21.21,20.12,2040266259.0,0.86,4.25,0.49,20.25,000001,2021-07-15
2021-07-16 00:00:00,20.90,20.83,57300261,21.31,20.79,1230180813.0,-0.28,-1.33,0.30,21.11,000001,2021-07-16
2021-07-19 00:00:00,20.85,20.70,52213595,20.92,20.27,1098434742.0,-0.13,-0.62,0.27,20.83,000001,2021-07-19
2021-07-20 00:00:00,20.59,20.09,80403433,20.69,19.96,1665315546.0,-0.61,-2.95,0.41,20.70,000001,2021-07-20
2021-07-21 00:00:00,20.07,19.94,75307652,20.29,19.69,1535327562.0,-0.15,-0.75,0.39,20.09,000001,2021-07-21
2021-07-22 00:00:00,19.94,19.87,86864809,20.15,19.73,1773999331.0,-0.07,-0.35,0.45,19.94,000001,2021-07-22
2021-07-23 00:00:00,19.87,19.59,72740433,19.87,19.49,1461467512.0,-0.28,-1.41,0.37,19.87,000001,2021-07-23
2021-07-26 00:00:00,19.45,18.29,145130394,19.48,17.92,2770236696.0,-1.3,-6.64,0.75,19.59,000001,2021-07-26
2021-07-27 00:00:00,18.36,17.25,135755148,18.48,17.09,2461708370.0,-1.04,-5.69,0.70,18.29,000001,2021-07-27
2021-07-28 00:00:00,17.34,17.24,106299421,17.56,17.17,1898562592.0,-0.01,-0.06,0.55,17.25,000001,2021-07-28
2021-07-29 00:00:00,17.40,17.45,87237812,17.73,17.27,1566107824.0,0.21,1.22,0.45,17.24,000001,2021-07-29
2021-07-30 00:00:00,17.41,17.18,95015588,17.54,16.73,1679747318.0,-0.27,-1.55,0.49,17.45,000001,2021-07-30
2021-08-02 00:00:00,17.13,17.50,115992263,17.63,16.67,2056014243.0,0.32,1.86,0.60,17.18,000001,2021-08-02
2021-08-03 00:00:00,17.48,17.38,89694857,17.64,17.15,1609422575.0,-0.12,-0.69,0.46,17.50,000001,2021-08-03
2021-08-04 00:00:00,17.53,17.30,72962008,17.56,17.09,1300164293.0,-0.08,-0.46,0.38,17.38,000001,2021-08-04
2021-08-05 00:00:00,17.19,17.17,62157388,17.54,17.07,1104903005.0,-0.13,-0.75,0.32,17.30,000001,2021-08-05
2021-08-06 00:00:00,17.04,17.35,56745413,17.39,16.94,1005870949.0,0.18,1.05,0.29,17.17,000001,2021-08-06
2021-08-09 00:00:00,17.40,18.55,175279800,18.74,17.33,3313803231.0,1.2,6.92,0.90,17.35,000001,2021-08-09
2021-08-10 00:00:00,18.58,19.22,130198844,19.47,18.39,2535427989.0,0.67,3.61,0.67,18.55,000001,2021-08-10
2021-08-11 00:00:00,19.48,19.30,104830844,20.07,19.19,2104975145.0,0.08,0.42,0.54,19.22,000001,2021-08-11
2021-08-12 00:00:00,19.28,19.38,66645800,19.79,19.12,1330388046.0,0.08,0.41,0.34,19.30,000001,2021-08-12
2021-08-13 00:00:00,19.27,19.38,56288502,19.41,18.99,1110191399.0,0.0,0.0,0.29,19.38,000001,2021-08-13
2021-08-16 00:00:00,19.58,19.44,62705022,19.69,19.06,1247681171.0,0.06,0.31,0.32,19.38,000001,2021-08-16
2021-08-17 00:00:00,19.34,19.16,47602194,19.71,19.10,947385521.0,-0.28,-1.44,0.25,19.44,000001,2021-08-17
2021-08-18 00:00:00,19.16,20.11,133273216,20.69,19.04,2732213549.0,0.95,4.96,0.69,19.16,000001,2021-08-18
2021-08-19 00:00:00,19.97,19.83,64997561,20.11,19.51,1315320352.0,-0.28,-1.39,0.33,20.11,000001,2021-08-19
2021-08-20 00:00:00,19.46,18.91,161462793,19.56,18.19,3119152555.0,-0.92,-4.64,0.83,19.83,000001,2021-08-20
2021-08-23 00:00:00,18.99,18.79,119184935,19.54,18.60,2315871646.0,-0.12,-0.63,0.61,18.91,000001,2021-08-23
2021-08-24 00:00:00,18.84,18.85,86895330,19.46,18.70,1690760837.0,0.06,0.32,0.45,18.79,000001,2021-08-24
2021-08-25 00:00:00,18.91,18.65,69808397,18.96,18.44,1341330419.0,-0.2,-1.06,0.36,18.85,000001,2021-08-25
2021-08-26 00:00:00,18.69,17.95,95161900,18.75,17.90,1783725035.0,-0.7,-3.75,0.49,18.65,000001,2021-08-26
2021-08-27 00:00:00,18.05,17.88,72882023,18.37,17.80,1354408977.0,-0.07,-0.39,0.38,17.95,000001,2021-08-27
2021-08-30 00:00:00,17.70,17.21,125221101,17.78,17.04,2221855859.0,-0.67,-3.75,0.65,17.88,000001,2021-08-30
2021-08-31 00:00:00,17.21,17.29,117486786,17.42,16.80,2072006842.0,0.08,0.46,0.61,17.21,000001,2021-08-31
2021-09-01 00:00:00,16.97,17.37,231689409,17.41,16.50,4046284163.0,0.08,0.46,1.19,17.29,000001,2021-09-01
2021-09-02 00:00:00,17.49,17.89,242260354,18.27,17.29,4454545280.0,0.52,2.99,1.25,17.37,000001,2021-09-02
2021-09-03 00:00:00,17.99,17.53,139481871,17.99,17.19,2523273155.0,-0.36,-2.01,0.72,17.89,000001,2021-09-03
2021-09-06 00:00:00,17.42,17.94,151522556,18.09,17.27,2780281081.0,0.41,2.34,0.78,17.53,000001,2021-09-06
2021-09-07 00:00:00,18.09,18.73,162234416,19.05,17.84,3067365669.0,0.79,4.4,0.84,17.94,000001,2021-09-07
2021-09-08 00:00:00,18.73,18.72,102620105,19.04,18.59,1979771480.0,-0.01,-0.05,0.53,18.73,000001,2021-09-08
2021-09-09 00:00:00,18.60,18.49,73950585,18.64,18.29,1399536021.0,-0.23,-1.23,0.38,18.72,000001,2021-09-09
2021-09-10 00:00:00,18.38,20.06,231494528,20.26,18.33,4668361828.0,1.57,8.49,1.19,18.49,000001,2021-09-10
2021-09-13 00:00:00,19.85,19.70,129722802,20.00,19.30,2606152379.0,-0.36,-1.79,0.67,20.06,000001,2021-09-13
2021-09-14 00:00:00,19.67,18.86,115817315,19.76,18.76,2272080157.0,-0.84,-4.26,0.60,19.70,000001,2021-09-14
2021-09-15 00:00:00,18.80,19.01,84161841,20.48,18.68,1639298361.0,0.15,0.8,0.43,18.86,000001,2021-09-15
2021-09-16 00:00:00,18.79,18.57,117695356,18.99,18.22,2234474948.0,-0.44,-2.31,0.61,19.01,000001,2021-09-16
2021-09-17 00:00:00,18.39,18.02,112487963,18.49,17.90,2098715197.0,-0.55,-2.96,0.58,18.57,000001,2021-09-17
2021-09-22 00:00:00,17.36,17.47,147336521,17.54,16.91,2616707243.0,-0.55,-3.05,0.76,18.02,000001,2021-09-22
2021-09-23 00:00:00,17.59,17.17,137983759,17.81,17.14,2465683705.0,-0.3,-1.72,0.71,17.47,000001,2021-09-23
2021-09-24 00:00:00,17.09,16.84,126569628,17.17,16.83,2209461934.0,-0.33,-1.92,0.65,17.17,000001,2021-09-24
2021-09-27 00:00:00,16.70,17.06,114066759,17.17,16.55,1979196739.0,0.22,1.31,0.59,16.84,000001,2021-09-27
2021-09-28 00:00:00,16.96,17.46,129316747,17.66,16.94,2311265536.0,0.4,2.34,0.67,17.06,000001,2021-09-28
2021-09-29 00:00:00,17.35,17.64,123012175,17.93,17.20,2225416488.0,0.18,1.03,0.63,17.46,000001,2021-09-29
2021-09-30 00:00:00,17.58,17.42,79561105,17.69,17.20,1424675917.0,-0.22,-1.25,0.41,17.64,000001,2021-09-30
2021-10-08 00:00:00,17.66,18.13,115920062,18.38,17.51,2146983882.0,0.71,4.08,0.60,17.42,000001,2021-10-08
2021-10-11 00:00:00,18.49,18.89,145533835,19.23,18.49,2829310844.0,0.76,4.19,0.75,18.13,000001,2021-10-11
2021-10-12 00:00:00,18.79,18.84,103123218,19.20,18.69,2004823968.0,-0.05,-0.26,0.53,18.89,000001,2021-10-12
2021-10-13 00:00:00,18.79,19.07,80789668,19.40,18.66,1577612470.0,0.23,1.22,0.42,18.84,000001,2021-10-13
2021-10-14 00:00:00,19.08,18.70,84298987,19.41,18.38,1623970431.0,-0.37,-1.94,0.43,19.07,000001,2021-10-14
2021-10-15 00:00:00,18.49,19.15,99349378,19.39,18.49,1948647237.0,0.45,2.41,0.51,18.70,000001,2021-10-15
2021-10-18 00:00:00,18.94,18.78,72962250,19.04,18.59,1408737777.0,-0.37,-1.93,0.38,19.15,000001,2021-10-18
2021-10-19 00:00:00,18.64,19.06,68241515,19.17,18.64,1330501302.0,0.28,1.49,0.35,18.78,000001,2021-10-19
2021-10-20 00:00:00,19.24,18.73,66295555,19.27,18.68,1283356219.0,-0.33,-1.73,0.34,19.06,000001,2021-10-20
2021-10-21 00:00:00,19.01,19.49,162166101,19.55,18.74,3198266215.0,0.76,4.06,0.84,18.73,000001,2021-10-21
2021-10-22 00:00:00,19.65,19.53,113496363,20.08,19.29,2287284921.0,0.04,0.21,0.58,19.49,000001,2021-10-22
2021-10-25 00:00:00,19.20,19.61,73082823,19.69,18.99,1458800090.0,0.08,0.41,0.38,19.53,000001,2021-10-25
2021-10-26 00:00:00,19.55,19.54,65280684,19.94,19.35,1313475883.0,-0.07,-0.36,0.34,19.61,000001,2021-10-26
2021-10-27 00:00:00,19.49,19.41,68760019,19.66,19.08,1365982834.0,-0.13,-0.67,0.35,19.54,000001,2021-10-27
2021-10-28 00:00:00,19.29,19.21,61901089,19.43,18.86,1211946109.0,-0.2,-1.03,0.32,19.41,000001,2021-10-28
2021-10-29 00:00:00,19.12,18.99,53992976,19.23,18.81,1052760273.0,-0.22,-1.15,0.28,19.21,000001,2021-10-29
2021-11-01 00:00:00,18.82,18.88,84149020,19.22,18.50,1626762030.0,-0.11,-0.58,0.43,18.99,000001,2021-11-01
2021-11-02 00:00:00,18.86,17.67,199769050,18.98,17.48,3691356324.0,-1.21,-6.41,1.03,18.88,000001,2021-11-02
2021-11-03 00:00:00,17.59,17.52,111497204,17.73,17.34,2009325066.0,-0.15,-0.85,0.57,17.67,000001,2021-11-03
2021-11-04 00:00:00,17.57,17.36,98341098,17.59,17.29,1760671898.0,-0.16,-0.91,0.51,17.52,000001,2021-11-04
2021-11-05 00:00:00,17.34,17.13,109603988,17.49,17.06,1942415605.0,-0.23,-1.32,0.56,17.36,000001,2021-11-05
2021-11-08 00:00:00,17.11,16.91,137681482,17.30,16.85,2406417772.0,-0.22,-1.28,0.71,17.13,000001,2021-11-08
2021-11-09 00:00:00,16.97,17.02,124057275,17.14,16.75,2163193119.0,0.11,0.65,0.64,16.91,000001,2021-11-09
2021-11-10 00:00:00,16.95,16.89,122085088,16.96,16.65,2109735147.0,-0.13,-0.76,0.63,17.02,000001,2021-11-10
2021-11-11 00:00:00,16.84,17.84,208472900,17.92,16.81,3752413859.0,0.95,5.62,1.07,16.89,000001,2021-11-11
2021-11-12 00:00:00,17.80,17.76,95754646,18.12,17.60,1753072716.0,-0.08,-0.45,0.49,17.84,000001,2021-11-12
2021-11-15 00:00:00,17.84,17.92,65508999,18.12,17.69,1203764096.0,0.16,0.9,0.34,17.76,000001,2021-11-15
2021-11-16 00:00:00,17.85,17.71,60111048,18.03,17.66,1099113409.0,-0.21,-1.17,0.31,17.92,000001,2021-11-16
2021-11-17 00:00:00,17.64,17.60,66464038,17.79,17.47,1203859180.0,-0.11,-0.62,0.34,17.71,000001,2021-11-17
2021-11-18 00:00:00,17.58,17.29,79984377,17.61,17.22,1430058312.0,-0.31,-1.76,0.41,17.60,000001,2021-11-18
2021-11-19 00:00:00,17.29,17.64,78637156,17.73,17.19,1414506380.0,0.35,2.02,0.41,17.29,000001,2021-11-19
2021-11-22 00:00:00,17.52,17.61,73861780,17.74,17.39,1337768172.0,-0.03,-0.17,0.38,17.64,000001,2021-11-22
2021-11-23 00:00:00,17.60,17.37,123597796,17.84,17.17,2213817591.0,-0.24,-1.36,0.64,17.61,000001,2021-11-23
2021-11-24 00:00:00,17.26,17.36,74131084,17.44,17.15,1316774398.0,-0.01,-0.06,0.38,17.37,000001,2021-11-24
2021-11-25 00:00:00,17.23,17.17,60353270,17.28,17.12,1068221305.0,-0.19,-1.09,0.31,17.36,000001,2021-11-25
2021-11-26 00:00:00,17.11,17.07,69449988,17.16,17.01,1219937313.0,-0.1,-0.58,0.36,17.17,000001,2021-11-26
2021-11-29 00:00:00,16.90,17.00,51259471,17.06,16.85,895105982.0,-0.07,-0.41,0.26,17.07,000001,2021-11-29
2021-11-30 00:00:00,17.03,16.93,73361606,17.17,16.84,1280384552.0,-0.07,-0.41,0.38,17.00,000001,2021-11-30
2021-12-01 00:00:00,16.92,17.13,70692519,17.26,16.86,1243666842.0,0.2,1.18,0.36,16.93,000001,2021-12-01
2021-12-02 00:00:00,17.11,17.08,99479835,17.30,16.86,1749164558.0,-0.05,-0.29,0.51,17.13,000001,2021-12-02
2021-12-03 00:00:00,17.13,17.14,70759974,17.19,16.90,1242375057.0,0.06,0.35,0.36,17.08,000001,2021-12-03
2021-12-06 00:00:00,17.34,17.59,214562528,18.05,17.29,3896385172.0,0.45,2.63,1.11,17.14,000001,2021-12-06
2021-12-07 00:00:00,17.79,17.95,161644387,18.16,17.64,2979968977.0,0.36,2.05,0.83,17.59,000001,2021-12-07
2021-12-08 00:00:00,17.94,17.96,98028118,18.04,17.65,1798691053.0,0.01,0.06,0.51,17.95,000001,2021-12-08
2021-12-09 00:00:00,17.98,18.19,145588668,18.55,17.86,2726663443.0,0.23,1.28,0.75,17.96,000001,2021-12-09
2021-12-10 00:00:00,18.00,17.87,98925513,18.19,17.76,1824076523.0,-0.32,-1.76,0.51,18.19,000001,2021-12-10
2021-12-13 00:00:00,17.96,17.76,131449027,18.37,17.67,2427803722.0,-0.11,-0.62,0.68,17.87,000001,2021-12-13
2021-12-14 00:00:00,17.65,17.07,193720890,17.66,17.01,3434156328.0,-0.69,-3.89,1.00,17.76,000001,2021-12-14
2021-12-15 00:00:00,17.00,17.04,129462741,17.15,16.89,2269821045.0,-0.03,-0.18,0.67,17.07,000001,2021-12-15
2021-12-16 00:00:00,17.04,17.21,81947951,17.22,16.95,1445483375.0,0.17,1.0,0.42,17.04,000001,2021-12-16
2021-12-17 00:00:00,17.19,17.06,60236967,17.24,17.06,1062875483.0,-0.15,-0.87,0.31,17.21,000001,2021-12-17
2021-12-20 00:00:00,17.05,17.01,74643520,17.14,16.94,1309029269.0,-0.05,-0.29,0.38,17.06,000001,2021-12-20
2021-12-21 00:00:00,16.98,17.08,89373404,17.20,16.97,1572895582.0,0.07,0.41,0.46,17.01,000001,2021-12-21
2021-12-22 00:00:00,17.11,16.88,97692775,17.13,16.79,1701772584.0,-0.2,-1.17,0.50,17.08,000001,2021-12-22
2021-12-23 00:00:00,16.89,16.81,105957594,16.92,16.70,1831122716.0,-0.07,-0.41,0.55,16.88,000001,2021-12-23
2021-12-24 00:00:00,16.82,16.80,48825149,16.84,16.70,843109665.0,-0.01,-0.06,0.25,16.81,000001,2021-12-24
2021-12-27 00:00:00,16.82,16.71,73111899,16.84,16.65,1260455319.0,-0.09,-0.54,0.38,16.80,000001,2021-12-27
2021-12-28 00:00:00,16.71,16.66,112663891,16.82,16.58,1934461076.0,-0.05,-0.3,0.58,16.71,000001,2021-12-28
2021-12-29 00:00:00,16.65,16.24,146937398,16.65,16.19,2480534593.0,-0.42,-2.52,0.76,16.66,000001,2021-12-29
2021-12-30 00:00:00,16.25,16.31,79666360,16.44,16.21,1342374249.0,0.07,0.43,0.41,16.24,000001,2021-12-30
2021-12-31 00:00:00,16.35,15.97,175076089,16.39,15.89,2899617149.0,-0.34,-2.08,0.90,16.31,000001,2021-12-31
2022-01-04 00:00:00,15.97,16.15,116925933,16.15,15.67,1918887051.0,0.18,1.13,0.60,15.97,000001,2022-01-04
2022-01-05 00:00:00,16.07,16.64,196199817,16.71,16.04,3344124589.0,0.49,3.03,1.01,16.15,000001,2022-01-05
2022-01-06 00:00:00,16.60,16.61,110788519,16.76,16.49,1896535838.0,-0.03,-0.18,0.57,16.64,000001,2022-01-06
2022-01-07 00:00:00,16.59,16.69,112663070,16.77,16.55,1937710958.0,0.08,0.48,0.58,16.61,000001,2022-01-07
2022-01-10 00:00:00,16.78,16.68,90977401,16.91,16.52,1563414572.0,-0.01,-0.06,0.47,16.69,000001,2022-01-10
2022-01-11 00:00:00,16.75,16.90,158199940,17.03,16.63,2752485391.0,0.22,1.32,0.82,16.68,000001,2022-01-11
2022-01-12 00:00:00,16.90,16.49,150216355,16.94,16.39,2561266412.0,-0.41,-2.43,0.77,16.90,000001,2022-01-12
2022-01-13 00:00:00,16.40,16.47,90942265,16.73,16.31,1550319159.0,-0.02,-0.12,0.47,16.49,000001,2022-01-13
2022-01-14 00:00:00,16.49,15.82,210309491,16.51,15.79,3459950805.0,-0.65,-3.95,1.08,16.47,000001,2022-01-14
2022-01-17 00:00:00,15.84,15.71,114368943,15.97,15.61,1855633790.0,-0.11,-0.7,0.59,15.82,000001,2022-01-17
2022-01-18 00:00:00,15.74,16.01,115297431,16.03,15.65,1891094610.0,0.3,1.91,0.59,15.71,000001,2022-01-18
2022-01-19 00:00:00,16.03,15.99,98839185,16.18,15.85,1630973587.0,-0.02,-0.12,0.51,16.01,000001,2022-01-19
2022-01-20 00:00:00,15.96,16.82,303119377,16.95,15.91,5195805550.0,0.83,5.19,1.56,15.99,000001,2022-01-20
2022-01-21 00:00:00,16.94,16.84,148168295,17.05,16.70,2575115125.0,0.02,0.12,0.76,16.82,000001,2022-01-21
2022-01-24 00:00:00,16.83,16.69,87477087,16.87,16.47,1501390339.0,-0.15,-0.89,0.45,16.84,000001,2022-01-24
2022-01-25 00:00:00,16.57,16.34,109328397,16.57,16.30,1851999025.0,-0.35,-2.1,0.56,16.69,000001,2022-01-25
2022-01-26 00:00:00,16.44,16.14,98497522,16.59,16.03,1646384984.0,-0.2,-1.22,0.51,16.34,000001,2022-01-26
2022-01-27 00:00:00,15.99,15.79,102464311,16.03,15.74,1677261296.0,-0.35,-2.17,0.53,16.14,000001,2022-01-27
2022-01-28 00:00:00,15.88,15.32,167556367,15.94,15.31,2695470331.0,-0.47,-2.98,0.86,15.79,000001,2022-01-28
2022-02-07 00:00:00,15.51,15.88,151547630,15.90,15.38,2451798486.0,0.56,3.66,0.78,15.32,000001,2022-02-07
2022-02-08 00:00:00,15.79,16.32,175469528,16.46,15.75,2950309012.0,0.44,2.77,0.90,15.88,000001,2022-02-08
2022-02-09 00:00:00,16.41,16.35,105116166,16.49,16.20,1774253637.0,0.03,0.18,0.54,16.32,000001,2022-02-09
2022-02-10 00:00:00,16.26,16.48,78455735,16.52,16.16,1326848948.0,0.13,0.8,0.40,16.35,000001,2022-02-10
2022-02-11 00:00:00,16.52,16.59,107813914,16.83,16.52,1852167493.0,0.11,0.67,0.56,16.48,000001,2022-02-11
2022-02-14 00:00:00,16.59,16.07,115065851,16.64,16.00,1917613419.0,-0.52,-3.13,0.59,16.59,000001,2022-02-14
2022-02-15 00:00:00,15.99,15.77,120826437,16.16,15.59,1968985378.0,-0.3,-1.87,0.62,16.07,000001,2022-02-15
2022-02-16 00:00:00,15.84,15.90,78239959,16.02,15.70,1282234150.0,0.13,0.82,0.40,15.77,000001,2022-02-16
2022-02-17 00:00:00,15.88,15.91,79450184,16.04,15.81,1306514350.0,0.01,0.06,0.41,15.90,000001,2022-02-17
2022-02-18 00:00:00,15.81,16.26,80249940,16.26,15.80,1330233366.0,0.35,2.2,0.41,15.91,000001,2022-02-18
2022-02-21 00:00:00,16.15,16.00,80099455,16.16,15.81,1316023718.0,-0.26,-1.6,0.41,16.26,000001,2022-02-21
2022-02-22 00:00:00,15.80,15.72,89495673,15.93,15.65,1454156225.0,-0.28,-1.75,0.46,16.00,000001,2022-02-22
2022-02-23 00:00:00,15.79,15.68,88674244,15.80,15.53,1431289852.0,-0.04,-0.25,0.46,15.72,000001,2022-02-23
2022-02-24 00:00:00,15.62,15.40,132408685,15.64,15.29,2112842553.0,-0.28,-1.79,0.68,15.68,000001,2022-02-24
2022-02-25 00:00:00,15.48,15.39,72639707,15.57,15.36,1157890268.0,-0.01,-0.06,0.37,15.40,000001,2022-02-25
2022-02-28 00:00:00,15.39,15.24,72399045,15.41,15.11,1137154095.0,-0.15,-0.97,0.37,15.39,000001,2022-02-28
2022-03-01 00:00:00,15.28,15.41,93504034,15.44,15.11,1474693965.0,0.17,1.12,0.48,15.24,000001,2022-03-01
2022-03-02 00:00:00,15.28,15.17,76076086,15.36,15.15,1196321949.0,-0.24,-1.56,0.39,15.41,000001,2022-03-02
2022-03-03 00:00:00,15.22,15.20,57828505,15.30,15.12,908171588.0,0.03,0.2,0.30,15.17,000001,2022-03-03
2022-03-04 00:00:00,15.11,14.82,99093566,15.12,14.77,1523793665.0,-0.38,-2.5,0.51,15.20,000001,2022-03-04
2022-03-07 00:00:00,14.66,14.21,111315899,14.66,14.15,1655959942.0,-0.61,-4.12,0.57,14.82,000001,2022-03-07
2022-03-08 00:00:00,14.11,13.80,100303269,14.35,13.74,1463145930.0,-0.41,-2.89,0.52,14.21,000001,2022-03-08
2022-03-09 00:00:00,13.89,13.33,180076017,13.94,12.71,2492042993.0,-0.47,-3.41,0.93,13.80,000001,2022-03-09
2022-03-10 00:00:00,13.67,14.06,224915816,14.24,13.58,3269867788.0,0.73,5.48,1.16,13.33,000001,2022-03-10
2022-03-11 00:00:00,13.89,14.39,149364697,14.47,13.64,2187480611.0,0.33,2.35,0.77,14.06,000001,2022-03-11
2022-03-14 00:00:00,14.12,13.98,111840734,14.42,13.94,1637278471.0,-0.41,-2.85,0.58,14.39,000001,2022-03-14
2022-03-15 00:00:00,13.89,13.17,178140887,13.89,13.09,2479769555.0,-0.81,-5.79,0.92,13.98,000001,2022-03-15
2022-03-16 00:00:00,13.35,13.80,153177906,13.89,13.00,2141637066.0,0.63,4.78,0.79,13.17,000001,2022-03-16
2022-03-17 00:00:00,14.15,13.94,173006142,14.20,13.73,2506504217.0,0.14,1.01,0.89,13.80,000001,2022-03-17
2022-03-18 00:00:00,13.85,14.19,152880713,14.34,13.63,2222158762.0,0.25,1.79,0.79,13.94,000001,2022-03-18
2022-03-21 00:00:00,13.99,14.08,120886805,14.31,13.88,1765673892.0,-0.11,-0.78,0.62,14.19,000001,2022-03-21
2022-03-22 00:00:00,14.08,14.67,162865658,14.71,13.99,2443174056.0,0.59,4.19,0.84,14.08,000001,2022-03-22
2022-03-23 00:00:00,14.60,14.49,105010238,14.68,14.39,1577561342.0,-0.18,-1.23,0.54,14.67,000001,2022-03-23
2022-03-24 00:00:00,14.41,14.69,100235995,14.80,14.30,1518870080.0,0.2,1.38,0.52,14.49,000001,2022-03-24
2022-03-25 00:00:00,14.64,14.47,74293335,14.74,14.31,1116354595.0,-0.22,-1.5,0.38,14.69,000001,2022-03-25
2022-03-28 00:00:00,14.29,14.34,72713699,14.54,14.12,1078327303.0,-0.13,-0.9,0.37,14.47,000001,2022-03-28
2022-03-29 00:00:00,14.37,14.17,61564315,14.44,14.09,909169631.0,-0.17,-1.19,0.32,14.34,000001,2022-03-29
2022-03-30 00:00:00,14.35,14.70,123679155,14.76,14.25,1859617041.0,0.53,3.74,0.64,14.17,000001,2022-03-30
2022-03-31 00:00:00,14.59,14.87,116374674,15.06,14.55,1789209947.0,0.17,1.16,0.60,14.70,000001,2022-03-31
2022-04-01 00:00:00,14.86,15.24,148487874,15.28,14.69,2319616863.0,0.37,2.49,0.77,14.87,000001,2022-04-01
2022-04-06 00:00:00,15.13,15.88,248854005,16.03,15.12,4064051492.0,0.64,4.2,1.28,15.24,000001,2022-04-06
2022-04-07 00:00:00,15.87,15.77,165906455,16.15,15.69,2724002905.0,-0.11,-0.69,0.85,15.88,000001,2022-04-07
2022-04-08 00:00:00,15.75,15.89,106677946,15.94,15.62,1741072072.0,0.12,0.76,0.55,15.77,000001,2022-04-08
2022-04-11 00:00:00,15.84,15.54,141673536,15.89,15.29,2277469056.0,-0.35,-2.2,0.73,15.89,000001,2022-04-11
2022-04-12 00:00:00,15.54,15.41,103926142,15.75,15.15,1654820083.0,-0.13,-0.84,0.54,15.54,000001,2022-04-12
2022-04-13 00:00:00,15.38,15.29,89062806,15.57,15.21,1415496126.0,-0.12,-0.78,0.46,15.41,000001,2022-04-13
2022-04-14 00:00:00,15.49,15.53,92961494,15.74,15.41,1493343952.0,0.24,1.57,0.48,15.29,000001,2022-04-14
2022-04-15 00:00:00,15.39,15.91,123176103,16.02,15.35,2014010094.0,0.38,2.45,0.63,15.53,000001,2022-04-15
2022-04-18 00:00:00,15.64,15.39,108688756,15.69,15.30,1734236524.0,-0.52,-3.27,0.56,15.91,000001,2022-04-18
2022-04-19 00:00:00,15.39,15.30,82177249,15.46,15.11,1294226951.0,-0.09,-0.58,0.42,15.39,000001,2022-04-19
2022-04-20 00:00:00,15.30,15.34,71655528,15.54,15.19,1137697847.0,0.04,0.26,0.37,15.30,000001,2022-04-20
2022-04-21 00:00:00,15.26,15.30,70989116,15.47,15.19,1124663651.0,-0.04,-0.26,0.37,15.34,000001,2022-04-21
2022-04-22 00:00:00,15.13,15.55,92127408,15.68,14.89,1468452958.0,0.25,1.63,0.47,15.30,000001,2022-04-22
2022-04-25 00:00:00,15.16,14.34,166448098,15.40,14.27,2527610217.0,-1.21,-7.78,0.86,15.55,000001,2022-04-25
2022-04-26 00:00:00,14.37,14.22,98820956,14.47,13.94,1456929632.0,-0.12,-0.84,0.51,14.34,000001,2022-04-26
2022-04-27 00:00:00,14.47,15.14,149029503,15.14,14.45,2296798759.0,0.92,6.47,0.77,14.22,000001,2022-04-27
2022-04-28 00:00:00,15.06,15.14,91177187,15.42,14.86,1426381926.0,0.0,0.0,0.47,15.14,000001,2022-04-28
2022-04-29 00:00:00,15.18,14.81,164501308,15.23,14.46,2503476828.0,-0.33,-2.18,0.85,15.14,000001,2022-04-29
2022-05-05 00:00:00,14.69,14.81,79019620,14.94,14.64,1208735142.0,0.0,0.0,0.41,14.81,000001,2022-05-05
2022-05-06 00:00:00,14.51,14.45,83243182,14.69,14.40,1250995595.0,-0.36,-2.43,0.43,14.81,000001,2022-05-06
2022-05-09 00:00:00,14.43,14.04,81862135,14.43,13.95,1197104247.0,-0.41,-2.84,0.42,14.45,000001,2022-05-09
2022-05-10 00:00:00,13.99,14.08,99228502,14.09,13.60,1425836927.0,0.04,0.28,0.51,14.04,000001,2022-05-10
2022-05-11 00:00:00,14.03,14.12,84857362,14.33,13.93,1240700426.0,0.04,0.28,0.44,14.08,000001,2022-05-11
2022-05-12 00:00:00,13.97,13.87,68506423,14.05,13.82,987061607.0,-0.25,-1.77,0.35,14.12,000001,2022-05-12
2022-05-13 00:00:00,13.99,14.10,67631191,14.15,13.98,985962932.0,0.23,1.66,0.35,13.87,000001,2022-05-13
2022-05-16 00:00:00,14.15,13.90,66822782,14.22,13.84,965652298.0,-0.2,-1.42,0.34,14.10,000001,2022-05-16
2022-05-17 00:00:00,14.00,14.20,93140639,14.21,13.81,1357428407.0,0.3,2.16,0.48,13.90,000001,2022-05-17
2022-05-18 00:00:00,14.34,14.24,77857833,14.38,14.16,1150500438.0,0.04,0.28,0.40,14.20,000001,2022-05-18
2022-05-19 00:00:00,14.04,14.11,59092172,14.19,13.99,863214131.0,-0.13,-0.91,0.30,14.24,000001,2022-05-19
2022-05-20 00:00:00,14.19,14.51,94859778,14.53,14.16,1415164711.0,0.4,2.83,0.49,14.11,000001,2022-05-20
2022-05-23 00:00:00,14.56,14.32,64772592,14.56,14.25,962683729.0,-0.19,-1.31,0.33,14.51,000001,2022-05-23
2022-05-24 00:00:00,14.36,13.89,93355706,14.36,13.89,1358693535.0,-0.43,-3.0,0.48,14.32,000001,2022-05-24
2022-05-25 00:00:00,13.92,13.88,60322826,13.98,13.79,866228924.0,-0.01,-0.07,0.31,13.89,000001,2022-05-25
2022-05-26 00:00:00,13.90,13.68,101131756,13.92,13.56,1435689342.0,-0.2,-1.44,0.52,13.88,000001,2022-05-26
2022-05-27 00:00:00,13.78,13.67,72306674,13.84,13.60,1029702186.0,-0.01,-0.07,0.37,13.68,000001,2022-05-27
2022-05-30 00:00:00,13.75,13.57,89690123,13.77,13.53,1265573048.0,-0.1,-0.73,0.46,13.67,000001,2022-05-30
2022-05-31 00:00:00,13.56,13.65,93886855,13.67,13.49,1325012048.0,0.08,0.59,0.48,13.57,000001,2022-05-31
2022-06-01 00:00:00,13.63,13.57,84529898,13.63,13.49,1187423732.0,-0.08,-0.59,0.44,13.65,000001,2022-06-01
2022-06-02 00:00:00,13.51,13.44,97926822,13.52,13.37,1363740798.0,-0.13,-0.96,0.50,13.57,000001,2022-06-02
2022-06-06 00:00:00,13.40,13.66,171085175,13.66,13.13,2370807610.0,0.22,1.64,0.88,13.44,000001,2022-06-06
2022-06-07 00:00:00,13.51,13.65,131511262,13.74,13.48,1860366716.0,-0.01,-0.07,0.68,13.66,000001,2022-06-07
2022-06-08 00:00:00,13.65,13.65,114552124,13.66,13.50,1613524958.0,0.0,0.0,0.59,13.65,000001,2022-06-08
2022-06-09 00:00:00,13.63,13.84,163290134,13.95,13.59,2339986708.0,0.19,1.39,0.84,13.65,000001,2022-06-09
2022-06-10 00:00:00,13.75,13.81,134601231,13.82,13.62,1914639698.0,-0.03,-0.22,0.69,13.84,000001,2022-06-10
2022-06-13 00:00:00,13.67,13.40,154775285,13.68,13.37,2163340109.0,-0.41,-2.97,0.80,13.81,000001,2022-06-13
2022-06-14 00:00:00,13.20,13.61,115142939,13.62,13.20,1602169898.0,0.21,1.57,0.59,13.40,000001,2022-06-14
2022-06-15 00:00:00,13.59,14.23,341354371,14.60,13.55,5010292727.0,0.62,4.56,1.76,13.61,000001,2022-06-15
2022-06-16 00:00:00,14.23,13.93,133254631,14.32,13.91,1939976255.0,-0.3,-2.11,0.69,14.23,000001,2022-06-16
2022-06-17 00:00:00,13.81,13.94,105378794,14.02,13.69,1513925914.0,0.01,0.07,0.54,13.93,000001,2022-06-17
2022-06-20 00:00:00,13.93,13.83,103216680,13.93,13.75,1479529787.0,-0.11,-0.79,0.53,13.94,000001,2022-06-20
2022-06-21 00:00:00,13.83,13.86,132179398,14.12,13.72,1905346057.0,0.03,0.22,0.68,13.83,000001,2022-06-21
2022-06-22 00:00:00,13.85,13.57,105604592,13.85,13.57,1498415784.0,-0.29,-2.09,0.54,13.86,000001,2022-06-22
2022-06-23 00:00:00,13.58,13.69,80602803,13.72,13.55,1140899092.0,0.12,0.88,0.42,13.57,000001,2022-06-23
2022-06-24 00:00:00,13.69,13.72,86604061,13.74,13.60,1227798687.0,0.03,0.22,0.45,13.69,000001,2022-06-24
2022-06-27 00:00:00,13.73,13.98,149727818,14.05,13.71,2166380438.0,0.26,1.9,0.77,13.72,000001,2022-06-27
2022-06-28 00:00:00,13.96,14.12,112511048,14.16,13.90,1638673242.0,0.14,1.0,0.58,13.98,000001,2022-06-28
2022-06-29 00:00:00,14.14,14.13,126654728,14.39,14.04,1865064678.0,0.01,0.07,0.65,14.12,000001,2022-06-29
2022-06-30 00:00:00,14.12,14.47,154874501,14.51,14.04,2304888692.0,0.34,2.41,0.80,14.13,000001,2022-06-30
2022-07-01 00:00:00,14.49,14.41,77924332,14.56,14.33,1164030776.0,-0.06,-0.41,0.40,14.47,000001,2022-07-01
2022-07-04 00:00:00,14.44,14.43,83496807,14.47,14.24,1241453402.0,0.02,0.14,0.43,14.41,000001,2022-07-04
2022-07-05 00:00:00,14.48,14.40,111517210,14.76,14.31,1674719025.0,-0.03,-0.21,0.57,14.43,000001,2022-07-05
2022-07-06 00:00:00,14.32,14.02,104333523,14.42,13.95,1520022515.0,-0.38,-2.64,0.54,14.40,000001,2022-07-06
2022-07-07 00:00:00,14.03,13.91,73016098,14.14,13.87,1057696547.0,-0.11,-0.78,0.38,14.02,000001,2022-07-07
2022-07-08 00:00:00,13.99,14.03,63969823,14.14,13.86,928850349.0,0.12,0.86,0.33,13.91,000001,2022-07-08
2022-07-11 00:00:00,13.99,13.95,61169194,14.06,13.85,883613754.0,-0.08,-0.57,0.32,14.03,000001,2022-07-11
2022-07-12 00:00:00,13.90,13.91,74288242,14.22,13.87,1078431990.0,-0.04,-0.29,0.38,13.95,000001,2022-07-12
2022-07-13 00:00:00,13.91,13.46,217599606,13.96,13.38,3056913118.0,-0.45,-3.24,1.12,13.91,000001,2022-07-13
2022-07-14 00:00:00,13.19,12.86,263212087,13.20,12.78,3534578702.0,-0.6,-4.46,1.36,13.46,000001,2022-07-14
2022-07-15 00:00:00,12.97,12.73,159863740,13.05,12.71,2139915274.0,-0.13,-1.01,0.82,12.86,000001,2022-07-15
2022-07-18 00:00:00,12.74,12.88,115350581,12.93,12.70,1536340973.0,0.15,1.18,0.59,12.73,000001,2022-07-18
2022-07-19 00:00:00,12.83,12.91,75559710,12.92,12.77,1008562417.0,0.03,0.23,0.39,12.88,000001,2022-07-19
2022-07-20 00:00:00,12.92,12.88,80145866,12.96,12.84,1073936300.0,-0.03,-0.23,0.41,12.91,000001,2022-07-20
2022-07-21 00:00:00,12.81,12.50,197038789,12.83,12.48,2588696130.0,-0.38,-2.95,1.02,12.88,000001,2022-07-21
2022-07-22 00:00:00,12.56,12.53,137650974,12.65,12.34,1755555714.0,0.03,0.24,0.71,12.50,000001,2022-07-22
2022-07-25 00:00:00,12.52,12.54,76395581,12.57,12.39,976071707.0,0.01,0.08,0.39,12.53,000001,2022-07-25
2022-07-26 00:00:00,12.47,12.63,102404881,12.63,12.43,1314310442.0,0.09,0.72,0.53,12.54,000001,2022-07-26
2022-07-27 00:00:00,12.57,12.51,92391408,12.60,12.45,1182889761.0,-0.12,-0.95,0.48,12.63,000001,2022-07-27
2022-07-28 00:00:00,12.53,12.60,75034652,12.63,12.50,964903658.0,0.09,0.72,0.39,12.51,000001,2022-07-28
2022-07-29 00:00:00,12.60,12.40,83149747,12.62,12.37,1059518585.0,-0.2,-1.59,0.43,12.60,000001,2022-07-29
2022-08-01 00:00:00,12.38,12.14,102573271,12.38,12.12,1277987010.0,-0.26,-2.1,0.53,12.40,000001,2022-08-01
2022-08-02 00:00:00,11.94,11.98,137300930,12.06,11.66,1664397666.0,-0.16,-1.32,0.71,12.14,000001,2022-08-02
2022-08-03 00:00:00,11.91,11.75,74613653,11.99,11.73,905653325.0,-0.23,-1.92,0.38,11.98,000001,2022-08-03
2022-08-04 00:00:00,11.82,11.88,60267562,11.89,11.74,729351710.0,0.13,1.11,0.31,11.75,000001,2022-08-04
2022-08-05 00:00:00,11.85,12.03,76529787,12.05,11.70,930836354.0,0.15,1.26,0.39,11.88,000001,2022-08-05
2022-08-08 00:00:00,11.97,11.92,55199969,12.08,11.88,674950921.0,-0.11,-0.91,0.28,12.03,000001,2022-08-08
2022-08-09 00:00:00,11.93,11.84,55844757,11.94,11.80,677098633.0,-0.08,-0.67,0.29,11.92,000001,2022-08-09
2022-08-10 00:00:00,11.84,11.78,68302321,11.96,11.74,825806008.0,-0.06,-0.51,0.35,11.84,000001,2022-08-10
2022-08-11 00:00:00,11.80,12.07,139930361,12.11,11.76,1710719478.0,0.29,2.46,0.72,11.78,000001,2022-08-11
2022-08-12 00:00:00,11.98,12.10,82050356,12.13,11.92,1010612433.0,0.03,0.25,0.42,12.07,000001,2022-08-12
2022-08-15 00:00:00,12.01,11.83,117201000,12.08,11.81,1425087455.0,-0.27,-2.23,0.60,12.10,000001,2022-08-15
2022-08-16 00:00:00,11.83,11.85,63122370,11.92,11.82,765907219.0,0.02,0.17,0.33,11.83,000001,2022-08-16
2022-08-17 00:00:00,11.87,12.12,134850658,12.14,11.79,1656961619.0,0.27,2.28,0.69,11.85,000001,2022-08-17
2022-08-18 00:00:00,12.20,11.97,126970094,12.26,11.88,1560630568.0,-0.15,-1.24,0.65,12.12,000001,2022-08-18
2022-08-19 00:00:00,11.99,12.29,210641724,12.47,11.95,2653471090.0,0.32,2.67,1.09,11.97,000001,2022-08-19
2022-08-22 00:00:00,12.30,12.22,113807658,12.40,12.13,1423361879.0,-0.07,-0.57,0.59,12.29,000001,2022-08-22
2022-08-23 00:00:00,12.17,12.06,92146307,12.21,12.00,1137300431.0,-0.16,-1.31,0.47,12.22,000001,2022-08-23
2022-08-24 00:00:00,12.05,12.12,129537533,12.26,12.05,1613309589.0,0.06,0.5,0.67,12.06,000001,2022-08-24
2022-08-25 00:00:00,12.12,12.34,106401061,12.38,12.02,1329230362.0,0.22,1.82,0.55,12.12,000001,2022-08-25
2022-08-26 00:00:00,12.40,12.33,92763426,12.47,12.18,1168951099.0,-0.01,-0.08,0.48,12.34,000001,2022-08-26
2022-08-29 00:00:00,12.22,12.14,92449065,12.28,12.03,1145189174.0,-0.19,-1.54,0.48,12.33,000001,2022-08-29
2022-08-30 00:00:00,12.15,12.20,79971238,12.26,12.00,991447627.0,0.06,0.49,0.41,12.14,000001,2022-08-30
2022-08-31 00:00:00,12.10,12.47,165304158,12.50,12.08,2091408315.0,0.27,2.21,0.85,12.20,000001,2022-08-31
2022-09-01 00:00:00,12.37,12.33,86198195,12.51,12.30,1092666277.0,-0.14,-1.12,0.44,12.47,000001,2022-09-01
2022-09-02 00:00:00,12.34,12.23,78636281,12.41,12.15,983433863.0,-0.1,-0.81,0.41,12.33,000001,2022-09-02
2022-09-05 00:00:00,12.18,12.29,63203998,12.32,12.09,788451089.0,0.06,0.49,0.33,12.23,000001,2022-09-05
2022-09-06 00:00:00,12.30,12.22,73129499,12.38,12.15,914692184.0,-0.07,-0.57,0.38,12.29,000001,2022-09-06
2022-09-07 00:00:00,12.14,12.05,97981281,12.14,12.00,1208329759.0,-0.17,-1.39,0.50,12.22,000001,2022-09-07
2022-09-08 00:00:00,12.04,12.08,62111692,12.16,12.02,768913484.0,0.03,0.25,0.32,12.05,000001,2022-09-08
2022-09-09 00:00:00,12.12,12.44,195129731,12.46,12.08,2469131334.0,0.36,2.98,1.01,12.08,000001,2022-09-09
2022-09-13 00:00:00,12.60,12.67,172268989,12.74,12.38,2223707380.0,0.23,1.85,0.89,12.44,000001,2022-09-13
2022-09-14 00:00:00,12.47,12.45,85803584,12.59,12.42,1095054829.0,-0.22,-1.74,0.44,12.67,000001,2022-09-14
2022-09-15 00:00:00,12.52,12.72,184101788,12.82,12.49,2393239453.0,0.27,2.17,0.95,12.45,000001,2022-09-15
2022-09-16 00:00:00,12.64,12.28,135744781,12.67,12.28,1719252822.0,-0.44,-3.46,0.70,12.72,000001,2022-09-16
2022-09-19 00:00:00,12.26,12.29,63212104,12.39,12.20,793491306.0,0.01,0.08,0.33,12.28,000001,2022-09-19
2022-09-20 00:00:00,12.33,12.06,88998853,12.35,12.04,1102212204.0,-0.23,-1.87,0.46,12.29,000001,2022-09-20
2022-09-21 00:00:00,12.03,12.15,68419739,12.20,11.92,845477182.0,0.09,0.75,0.35,12.06,000001,2022-09-21
2022-09-22 00:00:00,12.05,12.01,58613338,12.08,11.97,720058210.0,-0.14,-1.15,0.30,12.15,000001,2022-09-22
2022-09-23 00:00:00,11.96,12.01,58644106,12.15,11.95,722703128.0,0.0,0.0,0.30,12.01,000001,2022-09-23
2022-09-26 00:00:00,11.88,11.72,90372904,12.00,11.71,1094060839.0,-0.29,-2.41,0.47,12.01,000001,2022-09-26
2022-09-27 00:00:00,11.72,11.87,78962229,11.88,11.53,946732994.0,0.15,1.28,0.41,11.72,000001,2022-09-27
2022-09-28 00:00:00,11.81,11.83,78092558,11.97,11.64,946211767.0,-0.04,-0.34,0.40,11.87,000001,2022-09-28
2022-09-29 00:00:00,11.97,11.58,91771804,12.00,11.54,1100405198.0,-0.25,-2.11,0.47,11.83,000001,2022-09-29
2022-09-30 00:00:00,11.59,11.56,53723019,11.68,11.55,638906948.0,-0.02,-0.17,0.28,11.58,000001,2022-09-30
2022-10-10 00:00:00,11.42,11.19,96608018,11.49,11.18,1119089731.0,-0.37,-3.2,0.50,11.56,000001,2022-10-10
2022-10-11 00:00:00,11.26,11.20,41525337,11.30,11.13,476749227.0,0.01,0.09,0.21,11.19,000001,2022-10-11
2022-10-12 00:00:00,11.17,11.32,55957243,11.34,11.07,641776509.0,0.12,1.07,0.29,11.20,000001,2022-10-12
2022-10-13 00:00:00,11.23,11.06,85261597,11.26,11.03,970021739.0,-0.26,-2.3,0.44,11.32,000001,2022-10-13
2022-10-14 00:00:00,11.17,11.25,109606158,11.35,11.12,1265486550.0,0.19,1.72,0.56,11.06,000001,2022-10-14
2022-10-17 00:00:00,11.14,11.20,102482271,11.24,11.06,1171523550.0,-0.05,-0.44,0.53,11.25,000001,2022-10-17
2022-10-18 00:00:00,11.27,11.20,94683709,11.36,11.18,1091646644.0,0.0,0.0,0.49,11.20,000001,2022-10-18
2022-10-19 00:00:00,11.14,11.01,92398968,11.21,11.00,1049700767.0,-0.19,-1.7,0.48,11.20,000001,2022-10-19
2022-10-20 00:00:00,10.95,10.92,78192323,11.03,10.88,876967151.0,-0.09,-0.82,0.40,11.01,000001,2022-10-20
2022-10-21 00:00:00,10.93,10.81,78557429,10.97,10.79,876648491.0,-0.11,-1.01,0.40,10.92,000001,2022-10-21
2022-10-24 00:00:00,10.81,10.34,138339065,10.82,10.33,1496043940.0,-0.47,-4.35,0.71,10.81,000001,2022-10-24
2022-10-25 00:00:00,10.42,10.37,131697940,10.53,10.32,1406437766.0,0.03,0.29,0.68,10.34,000001,2022-10-25
2022-10-26 00:00:00,10.36,10.38,114382988,10.45,10.33,1220733278.0,0.01,0.1,0.59,10.37,000001,2022-10-26
2022-10-27 00:00:00,10.42,10.40,95738346,10.49,10.38,1024868047.0,0.02,0.19,0.49,10.38,000001,2022-10-27
2022-10-28 00:00:00,10.35,10.14,105794701,10.42,10.13,1114999302.0,-0.26,-2.5,0.55,10.40,000001,2022-10-28
2022-10-31 00:00:00,10.05,10.06,98309569,10.17,9.94,1016230012.0,-0.08,-0.79,0.51,10.14,000001,2022-10-31
2022-11-01 00:00:00,10.10,10.39,138123413,10.40,10.08,1459758367.0,0.33,3.28,0.71,10.06,000001,2022-11-01
2022-11-02 00:00:00,10.33,10.35,130298818,10.40,10.20,1377816220.0,-0.04,-0.38,0.67,10.39,000001,2022-11-02
2022-11-03 00:00:00,10.26,10.16,98353561,10.29,10.10,1028904286.0,-0.19,-1.84,0.51,10.35,000001,2022-11-03
2022-11-04 00:00:00,10.12,10.54,177611223,10.57,10.11,1903720944.0,0.38,3.74,0.92,10.16,000001,2022-11-04
2022-11-07 00:00:00,10.53,10.60,98808204,10.63,10.45,1070554833.0,0.06,0.57,0.51,10.54,000001,2022-11-07
2022-11-08 00:00:00,10.61,10.57,58322205,10.64,10.50,632835805.0,-0.03,-0.28,0.30,10.60,000001,2022-11-08
2022-11-09 00:00:00,10.56,10.61,83210685,10.80,10.54,911153622.0,0.04,0.38,0.43,10.57,000001,2022-11-09
2022-11-10 00:00:00,10.51,10.59,55202119,10.62,10.41,596916589.0,-0.02,-0.19,0.28,10.61,000001,2022-11-10
2022-11-11 00:00:00,10.85,11.15,254507055,11.38,10.73,2878557392.0,0.56,5.29,1.31,10.59,000001,2022-11-11
2022-11-14 00:00:00,11.42,11.67,387208410,12.00,11.42,4637823414.0,0.52,4.66,2.00,11.15,000001,2022-11-14
2022-11-15 00:00:00,11.58,11.73,157390134,11.90,11.55,1891249648.0,0.06,0.51,0.81,11.67,000001,2022-11-15
2022-11-16 00:00:00,11.69,11.54,127869288,11.77,11.51,1519133932.0,-0.19,-1.62,0.66,11.73,000001,2022-11-16
2022-11-17 00:00:00,11.53,11.41,109104716,11.56,11.30,1273790881.0,-0.13,-1.13,0.56,11.54,000001,2022-11-17
2022-11-18 00:00:00,11.46,11.31,86809329,11.50,11.29,1011078680.0,-0.1,-0.88,0.45,11.41,000001,2022-11-18
2022-11-21 00:00:00,11.20,11.18,104773707,11.22,10.94,1189388618.0,-0.13,-1.15,0.54,11.31,000001,2022-11-21
2022-11-22 00:00:00,11.18,11.54,149132388,11.65,11.16,1748727407.0,0.36,3.22,0.77,11.18,000001,2022-11-22
2022-11-23 00:00:00,11.50,11.54,124765653,11.77,11.44,1483352652.0,0.0,0.0,0.64,11.54,000001,2022-11-23
2022-11-24 00:00:00,11.64,11.49,79671882,11.71,11.41,941002373.0,-0.05,-0.43,0.41,11.54,000001,2022-11-24
2022-11-25 00:00:00,11.51,11.89,176072817,11.95,11.49,2130171605.0,0.4,3.48,0.91,11.49,000001,2022-11-25
2022-11-28 00:00:00,11.62,11.53,133156295,11.64,11.41,1568351120.0,-0.36,-3.03,0.69,11.89,000001,2022-11-28
2022-11-29 00:00:00,11.88,12.71,474927650,12.71,11.85,6026006642.0,1.18,10.23,2.45,11.53,000001,2022-11-29
2022-11-30 00:00:00,12.62,12.75,320962830,13.06,12.54,4206404173.0,0.04,0.31,1.65,12.71,000001,2022-11-30
2022-12-01 00:00:00,13.10,12.82,200268883,13.38,12.79,2658203027.0,0.07,0.55,1.03,12.75,000001,2022-12-01
2022-12-02 00:00:00,12.86,12.62,140420278,12.87,12.41,1803658762.0,-0.2,-1.56,0.72,12.82,000001,2022-12-02
2022-12-05 00:00:00,12.81,13.25,228762742,13.29,12.73,3057231973.0,0.63,4.99,1.18,12.62,000001,2022-12-05
2022-12-06 00:00:00,13.06,13.15,125257891,13.38,12.97,1680593516.0,-0.1,-0.75,0.65,13.25,000001,2022-12-06
2022-12-07 00:00:00,13.05,12.87,137737690,13.09,12.75,1815667663.0,-0.28,-2.13,0.71,13.15,000001,2022-12-07
2022-12-08 00:00:00,12.87,13.08,106572280,13.24,12.84,1422047905.0,0.21,1.63,0.55,12.87,000001,2022-12-08
2022-12-09 00:00:00,13.12,13.42,161583192,13.47,13.07,2197501649.0,0.34,2.6,0.83,13.08,000001,2022-12-09
2022-12-12 00:00:00,13.30,12.83,139258428,13.30,12.78,1848277967.0,-0.59,-4.4,0.72,13.42,000001,2022-12-12
2022-12-13 00:00:00,12.87,12.96,90228513,13.08,12.86,1194285343.0,0.13,1.01,0.46,12.83,000001,2022-12-13
2022-12-14 00:00:00,12.95,12.95,97406110,13.12,12.80,1287867945.0,-0.01,-0.08,0.50,12.96,000001,2022-12-14
2022-12-15 00:00:00,12.86,12.82,83534926,13.00,12.66,1094434006.0,-0.13,-1.0,0.43,12.95,000001,2022-12-15
2022-12-16 00:00:00,12.74,13.06,92425167,13.12,12.74,1225269166.0,0.24,1.87,0.48,12.82,000001,2022-12-16
2022-12-19 00:00:00,13.05,12.76,103086606,13.19,12.67,1355435567.0,-0.3,-2.3,0.53,13.06,000001,2022-12-19
2022-12-20 00:00:00,12.69,12.48,89621223,12.80,12.39,1150630681.0,-0.28,-2.19,0.46,12.76,000001,2022-12-20
2022-12-21 00:00:00,12.57,12.61,61458964,12.71,12.46,791782473.0,0.13,1.04,0.32,12.48,000001,2022-12-21
2022-12-22 00:00:00,12.72,12.67,67239430,12.87,12.62,876159828.0,0.06,0.48,0.35,12.61,000001,2022-12-22
2022-12-23 00:00:00,12.57,12.70,56442641,12.78,12.52,730705959.0,0.03,0.24,0.29,12.67,000001,2022-12-23
2022-12-26 00:00:00,12.71,12.49,79711987,12.76,12.43,1021903963.0,-0.21,-1.65,0.41,12.70,000001,2022-12-26
2022-12-27 00:00:00,12.59,12.83,88600412,12.94,12.59,1160090119.0,0.34,2.72,0.46,12.49,000001,2022-12-27
2022-12-28 00:00:00,12.88,12.86,79119198,13.10,12.72,1042402080.0,0.03,0.23,0.41,12.83,000001,2022-12-28
2022-12-29 00:00:00,12.79,12.75,66689009,12.85,12.57,865144967.0,-0.11,-0.86,0.34,12.86,000001,2022-12-29
2022-12-30 00:00:00,12.76,12.88,81803598,13.00,12.68,1074756754.0,0.13,1.02,0.42,12.75,000001,2022-12-30
2023-01-03 00:00:00,12.92,13.49,219412794,13.57,12.77,2971546989.0,0.61,4.74,1.13,12.88,000001,2023-01-03
2023-01-04 00:00:00,13.43,14.04,218968253,14.14,13.35,3110729449.0,0.55,4.08,1.13,13.49,000001,2023-01-04
2023-01-05 00:00:00,14.12,14.20,166542518,14.46,14.09,2417272356.0,0.16,1.14,0.86,14.04,000001,2023-01-05
2023-01-06 00:00:00,14.22,14.34,119574471,14.44,14.20,1747915169.0,0.14,0.99,0.62,14.20,000001,2023-01-06
2023-01-09 00:00:00,14.47,14.52,105765911,14.60,14.24,1561368487.0,0.18,1.26,0.55,14.34,000001,2023-01-09
2023-01-10 00:00:00,14.48,14.16,126942339,14.61,14.11,1851093717.0,-0.36,-2.48,0.65,14.52,000001,2023-01-10
2023-01-11 00:00:00,14.17,14.39,83056612,14.50,14.11,1217450812.0,0.23,1.62,0.43,14.16,000001,2023-01-11
2023-01-12 00:00:00,14.49,14.39,62569484,14.49,14.25,914367700.0,0.0,0.0,0.32,14.39,000001,2023-01-12
2023-01-13 00:00:00,14.39,14.67,94908583,14.67,14.27,1407181074.0,0.28,1.95,0.49,14.39,000001,2023-01-13
2023-01-16 00:00:00,14.67,14.80,156003989,15.00,14.57,2356399993.0,0.13,0.89,0.80,14.67,000001,2023-01-16
2023-01-17 00:00:00,14.85,14.69,93583454,14.90,14.49,1396151515.0,-0.11,-0.74,0.48,14.80,000001,2023-01-17
2023-01-18 00:00:00,14.67,14.83,71843403,14.90,14.63,1083362998.0,0.14,0.95,0.37,14.69,000001,2023-01-18
2023-01-19 00:00:00,14.85,14.81,64187520,14.97,14.59,963744633.0,-0.02,-0.13,0.33,14.83,000001,2023-01-19
2023-01-20 00:00:00,14.88,14.85,60859008,14.96,14.72,920144806.0,0.04,0.27,0.31,14.81,000001,2023-01-20
2023-01-30 00:00:00,15.32,14.87,137431750,15.46,14.61,2096867649.0,0.02,0.13,0.71,14.85,000001,2023-01-30
2023-01-31 00:00:00,14.96,14.71,103049784,15.23,14.68,1568639326.0,-0.16,-1.08,0.53,14.87,000001,2023-01-31
2023-02-01 00:00:00,14.75,14.42,165342148,14.80,14.23,2426471973.0,-0.29,-1.97,0.85,14.71,000001,2023-02-01
2023-02-02 00:00:00,14.46,14.32,157790039,14.50,13.99,2280744883.0,-0.1,-0.69,0.81,14.42,000001,2023-02-02
2023-02-03 00:00:00,14.17,14.04,124638298,14.27,13.88,1782105891.0,-0.28,-1.96,0.64,14.32,000001,2023-02-03
2023-02-06 00:00:00,13.82,13.72,131761010,13.85,13.58,1838428709.0,-0.32,-2.28,0.68,14.04,000001,2023-02-06
2023-02-07 00:00:00,13.78,13.93,86946046,14.04,13.75,1235297763.0,0.21,1.53,0.45,13.72,000001,2023-02-07
2023-02-08 00:00:00,13.96,13.76,65789257,14.04,13.75,928708934.0,-0.17,-1.22,0.34,13.93,000001,2023-02-08
2023-02-09 00:00:00,13.73,13.85,83035002,14.02,13.68,1174361963.0,0.09,0.65,0.43,13.76,000001,2023-02-09
2023-02-10 00:00:00,13.82,13.70,84728366,13.84,13.58,1184283386.0,-0.15,-1.08,0.44,13.85,000001,2023-02-10
2023-02-13 00:00:00,13.66,13.54,180005416,13.66,13.32,2473405203.0,-0.16,-1.17,0.93,13.70,000001,2023-02-13
2023-02-14 00:00:00,13.57,13.68,90993709,13.70,13.52,1263892078.0,0.14,1.03,0.47,13.54,000001,2023-02-14
2023-02-15 00:00:00,13.67,13.39,125024398,13.68,13.34,1713566673.0,-0.29,-2.12,0.64,13.68,000001,2023-02-15
2023-02-16 00:00:00,13.40,13.32,127912329,13.63,13.22,1757431084.0,-0.07,-0.52,0.66,13.39,000001,2023-02-16
2023-02-17 00:00:00,13.35,13.15,91836369,13.44,13.15,1246777397.0,-0.17,-1.28,0.47,13.32,000001,2023-02-17
2023-02-20 00:00:00,13.22,13.87,211619117,13.87,13.21,2945969773.0,0.72,5.48,1.09,13.15,000001,2023-02-20
2023-02-21 00:00:00,13.78,13.82,99049499,13.92,13.64,1393153377.0,-0.05,-0.36,0.51,13.87,000001,2023-02-21
2023-02-22 00:00:00,13.72,13.74,63892239,13.84,13.66,895742534.0,-0.08,-0.58,0.33,13.82,000001,2023-02-22
2023-02-23 00:00:00,13.72,13.77,82449068,14.04,13.70,1165539851.0,0.03,0.22,0.42,13.74,000001,2023-02-23
2023-02-24 00:00:00,13.74,13.58,72998904,13.75,13.52,1012652972.0,-0.19,-1.38,0.38,13.77,000001,2023-02-24
2023-02-27 00:00:00,13.47,13.41,62146193,13.60,13.40,854854041.0,-0.17,-1.25,0.32,13.58,000001,2023-02-27
2023-02-28 00:00:00,13.47,13.50,60793592,13.57,13.33,833316018.0,0.09,0.67,0.31,13.41,000001,2023-02-28
2023-03-01 00:00:00,13.52,13.89,122345178,13.91,13.46,1719710647.0,0.39,2.89,0.63,13.50,000001,2023-03-01
2023-03-02 00:00:00,13.85,13.96,101587684,14.16,13.78,1447565980.0,0.07,0.5,0.52,13.89,000001,2023-03-02
2023-03-03 00:00:00,14.07,14.01,69095439,14.09,13.86,985552121.0,0.05,0.36,0.36,13.96,000001,2023-03-03
2023-03-06 00:00:00,14.02,13.57,145582414,14.02,13.44,2023954547.0,-0.44,-3.14,0.75,14.01,000001,2023-03-06
2023-03-07 00:00:00,13.57,13.41,127926629,13.82,13.37,1773654737.0,-0.16,-1.18,0.66,13.57,000001,2023-03-07
2023-03-08 00:00:00,13.35,13.25,109689791,13.36,13.12,1479838980.0,-0.16,-1.19,0.57,13.41,000001,2023-03-08
2023-03-09 00:00:00,13.26,12.92,173606476,13.30,12.85,2305765842.0,-0.33,-2.49,0.89,13.25,000001,2023-03-09
2023-03-10 00:00:00,12.72,12.86,85699610,12.99,12.72,1128558360.0,-0.06,-0.46,0.44,12.92,000001,2023-03-10
2023-03-13 00:00:00,12.84,12.77,100063496,13.01,12.72,1309490079.0,-0.09,-0.7,0.52,12.86,000001,2023-03-13
2023-03-14 00:00:00,12.71,12.59,114907558,12.72,12.45,1474124199.0,-0.18,-1.41,0.59,12.77,000001,2023-03-14
2023-03-15 00:00:00,12.77,12.77,97936372,12.90,12.66,1278262225.0,0.18,1.43,0.50,12.59,000001,2023-03-15
2023-03-16 00:00:00,12.61,12.54,91679249,12.75,12.52,1182054434.0,-0.23,-1.8,0.47,12.77,000001,2023-03-16
2023-03-17 00:00:00,12.71,12.47,155681414,12.76,12.37,2000832408.0,-0.07,-0.56,0.80,12.54,000001,2023-03-17
2023-03-20 00:00:00,12.48,12.29,118881633,12.57,12.27,1505893659.0,-0.18,-1.44,0.61,12.47,000001,2023-03-20
2023-03-21 00:00:00,12.37,12.42,84074317,12.50,12.22,1060914056.0,0.13,1.06,0.43,12.29,000001,2023-03-21
2023-03-22 00:00:00,12.47,12.51,87669077,12.60,12.43,1121080753.0,0.09,0.72,0.45,12.42,000001,2023-03-22
2023-03-23 00:00:00,12.42,12.62,80430604,12.62,12.35,1029380497.0,0.11,0.88,0.41,12.51,000001,2023-03-23
2023-03-24 00:00:00,12.57,12.54,62151875,12.58,12.48,796319542.0,-0.08,-0.63,0.32,12.62,000001,2023-03-24
2023-03-27 00:00:00,12.52,12.32,100842214,12.53,12.18,1266945056.0,-0.22,-1.75,0.52,12.54,000001,2023-03-27
2023-03-28 00:00:00,12.38,12.36,67386843,12.45,12.27,851797869.0,0.04,0.32,0.35,12.32,000001,2023-03-28
2023-03-29 00:00:00,12.45,12.25,59606433,12.46,12.22,750687551.0,-0.11,-0.89,0.31,12.36,000001,2023-03-29
2023-03-30 00:00:00,12.27,12.40,82454624,12.43,12.13,1035422932.0,0.15,1.22,0.42,12.25,000001,2023-03-30
2023-03-31 00:00:00,12.41,12.25,86549166,12.49,12.23,1092263437.0,-0.15,-1.21,0.45,12.40,000001,2023-03-31
2023-04-03 00:00:00,12.27,12.39,74042886,12.41,12.18,934285179.0,0.14,1.14,0.38,12.25,000001,2023-04-03
2023-04-04 00:00:00,12.36,12.37,64745722,12.44,12.31,817726527.0,-0.02,-0.16,0.33,12.39,000001,2023-04-04
2023-04-06 00:00:00,12.32,12.30,56332130,12.33,12.22,706480660.0,-0.07,-0.57,0.29,12.37,000001,2023-04-06
2023-04-07 00:00:00,12.29,12.34,60792526,12.41,12.22,767354797.0,0.04,0.33,0.31,12.30,000001,2023-04-07
2023-04-10 00:00:00,12.36,12.40,64018181,12.42,12.30,809943148.0,0.06,0.49,0.33,12.34,000001,2023-04-10
2023-04-11 00:00:00,12.42,12.26,77777962,12.44,12.24,978302908.0,-0.14,-1.13,0.40,12.40,000001,2023-04-11
2023-04-12 00:00:00,12.30,12.20,90995706,12.31,12.17,1136997696.0,-0.06,-0.49,0.47,12.26,000001,2023-04-12
2023-04-13 00:00:00,12.13,12.28,113159146,12.39,12.02,1413919037.0,0.08,0.66,0.58,12.20,000001,2023-04-13
2023-04-14 00:00:00,12.32,12.41,129799484,12.62,12.30,1653539531.0,0.13,1.06,0.67,12.28,000001,2023-04-14
2023-04-17 00:00:00,12.38,12.65,130421259,12.66,12.32,1669357649.0,0.24,1.93,0.67,12.41,000001,2023-04-17
2023-04-18 00:00:00,12.65,12.72,153893615,12.92,12.61,2009934875.0,0.07,0.55,0.79,12.65,000001,2023-04-18
2023-04-19 00:00:00,12.74,12.57,101437815,12.79,12.55,1309536002.0,-0.15,-1.18,0.52,12.72,000001,2023-04-19
2023-04-20 00:00:00,12.62,12.47,81178841,12.62,12.34,1033330704.0,-0.1,-0.8,0.42,12.57,000001,2023-04-20
2023-04-21 00:00:00,12.42,12.22,91866839,12.55,12.20,1160509766.0,-0.25,-2.0,0.47,12.47,000001,2023-04-21
2023-04-24 00:00:00,12.20,11.82,146767192,12.22,11.75,1798133967.0,-0.4,-3.27,0.76,12.22,000001,2023-04-24
2023-04-25 00:00:00,11.86,12.00,130190082,12.09,11.84,1595320170.0,0.18,1.52,0.67,11.82,000001,2023-04-25
2023-04-26 00:00:00,11.97,11.84,99126040,11.97,11.71,1197555724.0,-0.16,-1.33,0.51,12.00,000001,2023-04-26
2023-04-27 00:00:00,11.78,11.98,100409337,12.07,11.72,1222755932.0,0.14,1.18,0.52,11.84,000001,2023-04-27
2023-04-28 00:00:00,11.98,12.27,144525434,12.50,11.94,1816868033.0,0.29,2.42,0.74,11.98,000001,2023-04-28
2023-05-04 00:00:00,12.12,12.45,147826438,12.55,11.91,1863146144.0,0.18,1.47,0.76,12.27,000001,2023-05-04
2023-05-05 00:00:00,12.50,12.63,176218865,12.83,12.47,2283981032.0,0.18,1.45,0.91,12.45,000001,2023-05-05
2023-05-08 00:00:00,12.66,13.04,263071861,13.21,12.56,3478891629.0,0.41,3.25,1.36,12.63,000001,2023-05-08
2023-05-09 00:00:00,13.12,12.88,242253445,13.32,12.85,3238716471.0,-0.16,-1.23,1.25,13.04,000001,2023-05-09
2023-05-10 00:00:00,12.89,12.56,123705339,12.98,12.52,1600189994.0,-0.32,-2.48,0.64,12.88,000001,2023-05-10
2023-05-11 00:00:00,12.67,12.57,90375844,12.84,12.52,1166479365.0,0.01,0.08,0.47,12.56,000001,2023-05-11
2023-05-12 00:00:00,12.54,12.34,88560368,12.59,12.33,1124579091.0,-0.23,-1.83,0.46,12.57,000001,2023-05-12
2023-05-15 00:00:00,12.40,12.55,92832563,12.57,12.17,1173804243.0,0.21,1.7,0.48,12.34,000001,2023-05-15
2023-05-16 00:00:00,12.52,12.34,99830169,12.64,12.29,1267712090.0,-0.21,-1.67,0.51,12.55,000001,2023-05-16
2023-05-17 00:00:00,12.30,12.21,75462120,12.36,12.16,945315193.0,-0.13,-1.05,0.39,12.34,000001,2023-05-17
2023-05-18 00:00:00,12.29,12.21,68718687,12.36,12.15,861347534.0,0.0,0.0,0.35,12.21,000001,2023-05-18
2023-05-19 00:00:00,12.15,12.06,68841368,12.16,12.04,851165594.0,-0.15,-1.23,0.35,12.21,000001,2023-05-19
2023-05-22 00:00:00,12.03,12.10,54932785,12.17,12.03,679754868.0,0.04,0.33,0.28,12.06,000001,2023-05-22
2023-05-23 00:00:00,12.10,11.93,69436436,12.13,11.93,852871175.0,-0.17,-1.4,0.36,12.10,000001,2023-05-23
2023-05-24 00:00:00,11.92,11.73,82425088,11.93,11.73,996600578.0,-0.2,-1.68,0.42,11.93,000001,2023-05-24
2023-05-25 00:00:00,11.71,11.65,88274430,11.72,11.53,1050002542.0,-0.08,-0.68,0.45,11.73,000001,2023-05-25
2023-05-26 00:00:00,11.65,11.82,51142864,11.85,11.56,613772897.0,0.17,1.46,0.26,11.65,000001,2023-05-26
2023-05-29 00:00:00,11.83,11.70,56607382,11.85,11.67,680275578.0,-0.12,-1.02,0.29,11.82,000001,2023-05-29
2023-05-30 00:00:00,11.70,11.59,76399692,11.71,11.52,906316374.0,-0.11,-0.94,0.39,11.70,000001,2023-05-30
2023-05-31 00:00:00,11.54,11.32,117958671,11.56,11.30,1376758357.0,-0.27,-2.33,0.61,11.59,000001,2023-05-31
2023-06-01 00:00:00,11.32,11.31,74302293,11.40,11.22,861646489.0,-0.01,-0.09,0.38,11.32,000001,2023-06-01
2023-06-02 00:00:00,11.40,11.65,122184253,11.69,11.36,1446502669.0,0.34,3.01,0.63,11.31,000001,2023-06-02
2023-06-05 00:00:00,11.60,11.63,52184619,11.72,11.54,620531416.0,-0.02,-0.17,0.27,11.65,000001,2023-06-05
2023-06-06 00:00:00,11.63,11.56,83327347,11.81,11.54,997039312.0,-0.07,-0.6,0.43,11.63,000001,2023-06-06
2023-06-07 00:00:00,11.61,11.66,64369784,11.79,11.60,770386878.0,0.1,0.87,0.33,11.56,000001,2023-06-07
2023-06-08 00:00:00,11.68,11.84,86939712,11.92,11.58,1048266236.0,0.18,1.54,0.45,11.66,000001,2023-06-08
2023-06-09 00:00:00,11.78,11.60,131528476,11.81,11.57,1566929274.0,-0.24,-2.03,0.68,11.84,000001,2023-06-09
2023-06-12 00:00:00,11.54,11.51,75874703,11.62,11.48,896015709.0,-0.09,-0.78,0.39,11.60,000001,2023-06-12
2023-06-13 00:00:00,11.48,11.49,84998805,11.56,11.41,1000183567.0,-0.02,-0.17,0.44,11.51,000001,2023-06-13
2023-06-14 00:00:00,11.55,11.47,106920004,11.73,11.46,1237376776.0,-0.02,-0.17,0.55,11.49,000001,2023-06-14
2023-06-15 00:00:00,11.49,11.61,92530056,11.63,11.39,1064567231.0,0.14,1.22,0.48,11.47,000001,2023-06-15
2023-06-16 00:00:00,11.61,11.63,84203365,11.67,11.57,978869317.0,0.02,0.17,0.43,11.61,000001,2023-06-16
2023-06-19 00:00:00,11.63,11.45,95399707,11.63,11.41,1096351097.0,-0.18,-1.55,0.49,11.63,000001,2023-06-19
2023-06-20 00:00:00,11.44,11.36,54455079,11.46,11.35,620374308.0,-0.09,-0.79,0.28,11.45,000001,2023-06-20
2023-06-21 00:00:00,11.36,11.35,61658296,11.48,11.34,703681564.0,-0.01,-0.09,0.32,11.36,000001,2023-06-21
2023-06-26 00:00:00,11.30,11.18,67657743,11.30,11.15,757975992.0,-0.17,-1.5,0.35,11.35,000001,2023-06-26
2023-06-27 00:00:00,11.20,11.28,46170178,11.32,11.17,519520687.0,0.1,0.89,0.24,11.18,000001,2023-06-27
2023-06-28 00:00:00,11.28,11.30,36539644,11.33,11.22,412039354.0,0.02,0.18,0.19,11.28,000001,2023-06-28
2023-06-29 00:00:00,11.29,11.18,48590630,11.29,11.17,544534826.0,-0.12,-1.06,0.25,11.30,000001,2023-06-29
2023-06-30 00:00:00,11.18,11.23,51905258,11.31,11.15,583494655.0,0.05,0.45,0.27,11.18,000001,2023-06-30
2023-07-03 00:00:00,11.24,11.49,88509071,11.53,11.23,1009887429.0,0.26,2.32,0.46,11.23,000001,2023-07-03
2023-07-04 00:00:00,11.46,11.40,61630056,11.49,11.32,701885270.0,-0.09,-0.78,0.32,11.49,000001,2023-07-04
2023-07-05 00:00:00,11.36,11.34,42348240,11.40,11.30,479726282.0,-0.06,-0.53,0.22,11.40,000001,2023-07-05
2023-07-06 00:00:00,11.30,11.24,59709591,11.34,11.21,672396816.0,-0.1,-0.88,0.31,11.34,000001,2023-07-06
2023-07-07 00:00:00,11.20,11.20,48444083,11.27,11.18,543212456.0,-0.04,-0.36,0.25,11.24,000001,2023-07-07
2023-07-10 00:00:00,11.25,11.20,49588228,11.28,11.17,556581582.0,0.0,0.0,0.26,11.20,000001,2023-07-10
2023-07-11 00:00:00,11.22,11.21,57080909,11.26,11.19,640131787.0,0.01,0.09,0.29,11.20,000001,2023-07-11
2023-07-12 00:00:00,11.23,11.24,73608367,11.36,11.22,830230821.0,0.03,0.27,0.38,11.21,000001,2023-07-12
2023-07-13 00:00:00,11.32,11.43,112422973,11.47,11.27,1281848379.0,0.19,1.69,0.58,11.24,000001,2023-07-13
2023-07-14 00:00:00,11.43,11.46,71914699,11.55,11.40,825295738.0,0.03,0.26,0.37,11.43,000001,2023-07-14
2023-07-17 00:00:00,11.41,11.31,60834258,11.41,11.26,687262894.0,-0.15,-1.31,0.31,11.46,000001,2023-07-17
2023-07-18 00:00:00,11.29,11.25,47196618,11.32,11.22,531299773.0,-0.06,-0.53,0.24,11.31,000001,2023-07-18
2023-07-19 00:00:00,11.23,11.31,38219596,11.32,11.23,430771279.0,0.06,0.53,0.20,11.25,000001,2023-07-19
2023-07-20 00:00:00,11.33,11.32,55406957,11.44,11.29,629696111.0,0.01,0.09,0.29,11.31,000001,2023-07-20
2023-07-21 00:00:00,11.31,11.34,37710256,11.39,11.28,427375950.0,0.02,0.18,0.19,11.32,000001,2023-07-21
2023-07-24 00:00:00,11.33,11.26,42685218,11.33,11.24,480713396.0,-0.08,-0.71,0.22,11.34,000001,2023-07-24
2023-07-25 00:00:00,11.45,11.72,203295819,11.73,11.44,2358815160.0,0.46,4.09,1.05,11.26,000001,2023-07-25
2023-07-26 00:00:00,11.65,11.67,75166268,11.74,11.56,875260135.0,-0.05,-0.43,0.39,11.72,000001,2023-07-26
2023-07-27 00:00:00,11.68,11.75,111519586,11.87,11.65,1314228294.0,0.08,0.69,0.57,11.67,000001,2023-07-27
2023-07-28 00:00:00,11.69,12.26,234701346,12.30,11.67,2839828237.0,0.51,4.34,1.21,11.75,000001,2023-07-28
2023-07-31 00:00:00,12.30,12.32,185495239,12.50,12.23,2288940411.0,0.06,0.49,0.96,12.26,000001,2023-07-31
2023-08-01 00:00:00,12.26,12.16,95773478,12.37,12.13,1169570705.0,-0.16,-1.3,0.49,12.32,000001,2023-08-01
2023-08-02 00:00:00,12.06,12.03,111590004,12.24,11.93,1343864165.0,-0.13,-1.07,0.58,12.16,000001,2023-08-02
2023-08-03 00:00:00,11.99,12.33,117584771,12.37,11.95,1433255493.0,0.3,2.49,0.61,12.03,000001,2023-08-03
2023-08-04 00:00:00,12.42,12.30,130313102,12.53,12.21,1611435431.0,-0.03,-0.24,0.67,12.33,000001,2023-08-04
2023-08-07 00:00:00,12.21,12.16,64691326,12.25,12.12,786506452.0,-0.14,-1.14,0.33,12.30,000001,2023-08-07
2023-08-08 00:00:00,12.12,12.10,72570456,12.21,12.00,877489188.0,-0.06,-0.49,0.37,12.16,000001,2023-08-08
2023-08-09 00:00:00,12.06,12.17,57760774,12.20,12.05,702060797.0,0.07,0.58,0.30,12.10,000001,2023-08-09
2023-08-10 00:00:00,12.15,12.16,47559453,12.21,12.06,577123920.0,-0.01,-0.08,0.25,12.17,000001,2023-08-10
2023-08-11 00:00:00,12.17,11.89,94353857,12.27,11.89,1132867239.0,-0.27,-2.22,0.49,12.16,000001,2023-08-11
2023-08-14 00:00:00,11.76,11.67,97592018,11.78,11.59,1139185249.0,-0.22,-1.85,0.50,11.89,000001,2023-08-14
2023-08-15 00:00:00,11.69,11.73,71281277,11.80,11.60,834163040.0,0.06,0.51,0.37,11.67,000001,2023-08-15
2023-08-16 00:00:00,11.67,11.73,57290437,11.85,11.61,671706045.0,0.0,0.0,0.30,11.73,000001,2023-08-16
2023-08-17 00:00:00,11.67,11.57,96505775,11.70,11.46,1116292662.0,-0.16,-1.36,0.50,11.73,000001,2023-08-17
2023-08-18 00:00:00,11.58,11.56,65981885,11.74,11.53,767047287.0,-0.01,-0.09,0.34,11.57,000001,2023-08-18
2023-08-21 00:00:00,11.56,11.32,70149785,11.58,11.32,799641424.0,-0.24,-2.08,0.36,11.56,000001,2023-08-21
2023-08-22 00:00:00,11.38,11.37,60680809,11.45,11.31,689991238.0,0.05,0.44,0.31,11.32,000001,2023-08-22
2023-08-23 00:00:00,11.35,11.25,69180998,11.42,11.24,783102827.0,-0.12,-1.06,0.36,11.37,000001,2023-08-23
2023-08-24 00:00:00,11.29,11.13,129127070,11.32,11.05,1439197084.0,-0.12,-1.07,0.67,11.25,000001,2023-08-24
2023-08-25 00:00:00,11.10,11.23,84534992,11.33,11.08,946760251.0,0.1,0.9,0.44,11.13,000001,2023-08-25
2023-08-28 00:00:00,11.84,11.52,199760987,11.93,11.49,2336205801.0,0.29,2.58,1.03,11.23,000001,2023-08-28
2023-08-29 00:00:00,11.47,11.31,196496143,11.49,11.13,2217588610.0,-0.21,-1.82,1.01,11.52,000001,2023-08-29
2023-08-30 00:00:00,11.27,11.13,137563829,11.27,11.13,1537573551.0,-0.18,-1.59,0.71,11.31,000001,2023-08-30
2023-08-31 00:00:00,11.14,11.13,80647403,11.22,11.12,900123575.0,0.0,0.0,0.42,11.13,000001,2023-08-31
2023-09-01 00:00:00,11.19,11.32,113870483,11.36,11.19,1285169019.0,0.19,1.71,0.59,11.13,000001,2023-09-01
2023-09-04 00:00:00,11.35,11.56,141002923,11.59,11.33,1621769196.0,0.24,2.12,0.73,11.32,000001,2023-09-04
2023-09-05 00:00:00,11.50,11.39,80417716,11.51,11.36,917888859.0,-0.17,-1.47,0.41,11.56,000001,2023-09-05
2023-09-06 00:00:00,11.33,11.43,63484051,11.46,11.30,721905682.0,0.04,0.35,0.33,11.39,000001,2023-09-06
2023-09-07 00:00:00,11.40,11.33,54004157,11.44,11.32,613812176.0,-0.1,-0.87,0.28,11.43,000001,2023-09-07
2023-09-08 00:00:00,11.28,11.27,47902967,11.32,11.23,539624963.0,-0.06,-0.53,0.25,11.33,000001,2023-09-08
2023-09-11 00:00:00,11.30,11.34,65448558,11.40,11.27,741764911.0,0.07,0.62,0.34,11.27,000001,2023-09-11
2023-09-12 00:00:00,11.35,11.28,49548506,11.35,11.25,559058536.0,-0.06,-0.53,0.26,11.34,000001,2023-09-12
2023-09-13 00:00:00,11.29,11.25,49021797,11.32,11.21,551747628.0,-0.03,-0.27,0.25,11.28,000001,2023-09-13
2023-09-14 00:00:00,11.28,11.29,55165017,11.33,11.25,622906053.0,0.04,0.36,0.28,11.25,000001,2023-09-14
2023-09-15 00:00:00,11.35,11.22,89047613,11.40,11.20,1005529161.0,-0.07,-0.62,0.46,11.29,000001,2023-09-15
2023-09-18 00:00:00,11.22,11.23,50132501,11.24,11.14,561449770.0,0.01,0.09,0.26,11.22,000001,2023-09-18
2023-09-19 00:00:00,11.22,11.21,50366432,11.23,11.16,564044044.0,-0.02,-0.18,0.26,11.23,000001,2023-09-19
2023-09-20 00:00:00,11.20,11.15,55887241,11.22,11.15,624785495.0,-0.06,-0.54,0.29,11.21,000001,2023-09-20
2023-09-21 00:00:00,11.14,11.05,84393011,11.14,11.04,934673194.0,-0.1,-0.9,0.43,11.15,000001,2023-09-21
2023-09-22 00:00:00,11.03,11.24,91148430,11.25,11.03,1017137922.0,0.19,1.72,0.47,11.05,000001,2023-09-22
2023-09-25 00:00:00,11.24,11.22,76121125,11.32,11.19,856022502.0,-0.02,-0.18,0.39,11.24,000001,2023-09-25
2023-09-26 00:00:00,11.22,11.16,44498035,11.26,11.14,497885811.0,-0.06,-0.53,0.23,11.22,000001,2023-09-26
2023-09-27 00:00:00,11.15,11.17,49031061,11.22,11.15,547905821.0,0.01,0.09,0.25,11.16,000001,2023-09-27
2023-09-28 00:00:00,11.19,11.20,52069678,11.24,11.18,583649730.0,0.03,0.27,0.27,11.17,000001,2023-09-28
2023-10-09 00:00:00,11.16,11.11,69582809,11.17,11.06,772959353.0,-0.09,-0.8,0.36,11.20,000001,2023-10-09
2023-10-10 00:00:00,11.19,11.02,82074851,11.20,11.02,910160342.0,-0.09,-0.81,0.42,11.11,000001,2023-10-10
2023-10-11 00:00:00,11.09,10.98,72411569,11.09,10.96,797663827.0,-0.04,-0.36,0.37,11.02,000001,2023-10-11
2023-10-12 00:00:00,11.11,11.11,85305750,11.16,11.04,947562325.0,0.13,1.18,0.44,10.98,000001,2023-10-12
2023-10-13 00:00:00,11.03,11.00,68448308,11.07,10.95,753110726.0,-0.11,-0.99,0.35,11.11,000001,2023-10-13
2023-10-16 00:00:00,11.00,11.01,50162432,11.03,10.95,550988720.0,0.01,0.09,0.26,11.00,000001,2023-10-16
2023-10-17 00:00:00,11.01,11.02,49352505,11.05,10.96,543170901.0,0.01,0.09,0.25,11.01,000001,2023-10-17
2023-10-18 00:00:00,10.99,10.95,65182492,11.02,10.91,713979896.0,-0.07,-0.64,0.34,11.02,000001,2023-10-18
2023-10-19 00:00:00,10.91,10.60,118896083,10.92,10.59,1271914677.0,-0.35,-3.2,0.61,10.95,000001,2023-10-19
2023-10-20 00:00:00,10.55,10.60,52613912,10.67,10.51,557618632.0,0.0,0.0,0.27,10.60,000001,2023-10-20
2023-10-23 00:00:00,10.59,10.50,53040448,10.60,10.43,557032229.0,-0.1,-0.94,0.27,10.60,000001,2023-10-23
2023-10-24 00:00:00,10.54,10.55,76065269,10.61,10.44,801528404.0,0.05,0.48,0.39,10.50,000001,2023-10-24
2023-10-25 00:00:00,10.51,10.38,141144968,10.54,10.36,1470971924.0,-0.17,-1.61,0.73,10.55,000001,2023-10-25
2023-10-26 00:00:00,10.31,10.41,59999147,10.42,10.30,621915277.0,0.03,0.29,0.31,10.38,000001,2023-10-26
2023-10-27 00:00:00,10.38,10.45,91977136,10.48,10.33,957587534.0,0.04,0.38,0.47,10.41,000001,2023-10-27
2023-10-30 00:00:00,10.40,10.45,80568955,10.47,10.35,837646002.0,0.0,0.0,0.42,10.45,000001,2023-10-30
2023-10-31 00:00:00,10.43,10.46,65285523,10.49,10.41,682212138.0,0.01,0.1,0.34,10.45,000001,2023-10-31
2023-11-01 00:00:00,10.55,10.48,56730035,10.56,10.45,595211885.0,0.02,0.19,0.29,10.46,000001,2023-11-01
2023-11-02 00:00:00,10.50,10.48,61942995,10.60,10.47,652316670.0,0.0,0.0,0.32,10.48,000001,2023-11-02
2023-11-03 00:00:00,10.49,10.48,70546347,10.52,10.43,738879704.0,0.0,0.0,0.36,10.48,000001,2023-11-03
2023-11-06 00:00:00,10.51,10.69,100706221,10.69,10.51,1069206838.0,0.21,2.0,0.52,10.48,000001,2023-11-06
2023-11-07 00:00:00,10.66,10.60,64086612,10.66,10.58,679815569.0,-0.09,-0.84,0.33,10.69,000001,2023-11-07
2023-11-08 00:00:00,10.58,10.50,87781875,10.60,10.45,923622008.0,-0.1,-0.94,0.45,10.60,000001,2023-11-08
2023-11-09 00:00:00,10.46,10.49,63913648,10.52,10.43,669639052.0,-0.01,-0.1,0.33,10.50,000001,2023-11-09
2023-11-10 00:00:00,10.45,10.30,104504417,10.47,10.29,1080649734.0,-0.19,-1.81,0.54,10.49,000001,2023-11-10
2023-11-13 00:00:00,10.31,10.25,77004310,10.33,10.22,789007118.0,-0.05,-0.49,0.40,10.30,000001,2023-11-13
2023-11-14 00:00:00,10.24,10.27,59685888,10.33,10.23,613377698.0,0.02,0.2,0.31,10.25,000001,2023-11-14
2023-11-15 00:00:00,10.37,10.37,110914015,10.45,10.34,1152154780.0,0.1,0.97,0.57,10.27,000001,2023-11-15
2023-11-16 00:00:00,10.38,10.24,92262194,10.39,10.23,948395097.0,-0.13,-1.25,0.48,10.37,000001,2023-11-16
2023-11-17 00:00:00,10.22,10.15,90336217,10.25,10.12,917616681.0,-0.09,-0.88,0.47,10.24,000001,2023-11-17
2023-11-20 00:00:00,10.15,10.19,63952831,10.22,10.10,650077370.0,0.04,0.39,0.33,10.15,000001,2023-11-20
2023-11-21 00:00:00,10.23,10.28,104116573,10.35,10.22,1072311504.0,0.09,0.88,0.54,10.19,000001,2023-11-21
2023-11-22 00:00:00,10.26,10.16,73748951,10.31,10.14,753064758.0,-0.12,-1.17,0.38,10.28,000001,2023-11-22
2023-11-23 00:00:00,10.15,10.15,84665587,10.16,10.07,855904312.0,-0.01,-0.1,0.44,10.16,000001,2023-11-23
2023-11-24 00:00:00,10.11,10.10,68469456,10.13,10.08,691423444.0,-0.05,-0.49,0.35,10.15,000001,2023-11-24
2023-11-27 00:00:00,10.09,10.01,83618785,10.09,9.97,836268369.0,-0.09,-0.89,0.43,10.10,000001,2023-11-27
2023-11-28 00:00:00,9.99,9.95,78617469,10.02,9.95,784405805.0,-0.06,-0.6,0.41,10.01,000001,2023-11-28
2023-11-29 00:00:00,9.95,9.72,146759662,9.97,9.70,1438320264.0,-0.23,-2.31,0.76,9.95,000001,2023-11-29
2023-11-30 00:00:00,9.69,9.68,90176457,9.73,9.62,871481712.0,-0.04,-0.41,0.46,9.72,000001,2023-11-30
2023-12-01 00:00:00,9.65,9.66,77805699,9.68,9.58,749668364.0,-0.02,-0.21,0.40,9.68,000001,2023-12-01
2023-12-04 00:00:00,9.67,9.63,60543785,9.68,9.61,583664338.0,-0.03,-0.31,0.31,9.66,000001,2023-12-04
2023-12-05 00:00:00,9.61,9.48,78737848,9.62,9.47,750961220.0,-0.15,-1.56,0.41,9.63,000001,2023-12-05
2023-12-06 00:00:00,9.44,9.50,75305592,9.57,9.40,714029469.0,0.02,0.21,0.39,9.48,000001,2023-12-06
2023-12-07 00:00:00,9.49,9.44,58538019,9.49,9.38,552224831.0,-0.06,-0.63,0.30,9.50,000001,2023-12-07
2023-12-08 00:00:00,9.41,9.30,102115150,9.45,9.30,957664581.0,-0.14,-1.48,0.53,9.44,000001,2023-12-08
2023-12-11 00:00:00,9.22,9.35,113366281,9.38,9.13,1044765735.0,0.05,0.54,0.58,9.30,000001,2023-12-11
2023-12-12 00:00:00,9.31,9.42,85501642,9.50,9.30,805067628.0,0.07,0.75,0.44,9.35,000001,2023-12-12
2023-12-13 00:00:00,9.38,9.16,106130165,9.39,9.15,981001231.0,-0.26,-2.76,0.55,9.42,000001,2023-12-13
2023-12-14 00:00:00,9.21,9.15,74290056,9.28,9.15,683211466.0,-0.01,-0.11,0.38,9.16,000001,2023-12-14
2023-12-15 00:00:00,9.20,9.21,98893942,9.35,9.19,915126127.0,0.06,0.66,0.51,9.15,000001,2023-12-15
2023-12-18 00:00:00,9.18,9.13,65442562,9.24,9.09,599379044.0,-0.08,-0.87,0.34,9.21,000001,2023-12-18
2023-12-19 00:00:00,9.12,9.10,64407088,9.17,9.07,586716664.0,-0.03,-0.33,0.33,9.13,000001,2023-12-19
2023-12-20 00:00:00,9.11,9.03,71563363,9.15,9.03,650511343.0,-0.07,-0.77,0.37,9.10,000001,2023-12-20
2023-12-21 00:00:00,9.01,9.17,101704676,9.19,8.99,925407073.0,0.14,1.55,0.52,9.03,000001,2023-12-21
2023-12-22 00:00:00,9.19,9.20,100564502,9.28,9.11,924998769.0,0.03,0.33,0.52,9.17,000001,2023-12-22
2023-12-25 00:00:00,9.18,9.19,41397088,9.20,9.14,379638234.0,-0.01,-0.11,0.21,9.20,000001,2023-12-25
2023-12-26 00:00:00,9.19,9.10,54189633,9.20,9.07,493746623.0,-0.09,-0.98,0.28,9.19,000001,2023-12-26
2023-12-27 00:00:00,9.10,9.12,64153435,9.13,9.02,582036661.0,0.02,0.22,0.33,9.10,000001,2023-12-27
2023-12-28 00:00:00,9.11,9.45,166159184,9.47,9.08,1550256591.0,0.33,3.62,0.86,9.12,000001,2023-12-28
2023-12-29 00:00:00,9.42,9.39,85385279,9.48,9.35,803196744.0,-0.06,-0.63,0.44,9.45,000001,2023-12-29
2024-01-02 00:00:00,9.39,9.21,115836645,9.42,9.21,1075742252.0,-0.18,-1.92,0.60,9.39,000001,2024-01-02
2024-01-03 00:00:00,9.19,9.20,73361031,9.22,9.15,673673614.0,-0.01,-0.11,0.38,9.21,000001,2024-01-03
2024-01-04 00:00:00,9.19,9.11,86419399,9.19,9.08,787470082.0,-0.09,-0.98,0.45,9.20,000001,2024-01-04
2024-01-05 00:00:00,9.10,9.27,199162216,9.44,9.07,1852659692.0,0.16,1.76,1.03,9.11,000001,2024-01-05
2024-01-08 00:00:00,9.23,9.15,112115619,9.30,9.11,1029006549.0,-0.12,-1.29,0.58,9.27,000001,2024-01-08
2024-01-09 00:00:00,9.16,9.18,76619388,9.19,9.09,700375720.0,0.03,0.33,0.39,9.15,000001,2024-01-09
2024-01-10 00:00:00,9.16,9.09,85862091,9.19,9.09,783771150.0,-0.09,-0.98,0.44,9.18,000001,2024-01-10
2024-01-11 00:00:00,9.08,9.17,93468637,9.22,9.03,853890237.0,0.08,0.88,0.48,9.09,000001,2024-01-11
2024-01-12 00:00:00,9.13,9.19,77258215,9.27,9.11,711018266.0,0.02,0.22,0.40,9.17,000001,2024-01-12
2024-01-15 00:00:00,9.16,9.21,74513266,9.29,9.13,685950951.0,0.02,0.22,0.38,9.19,000001,2024-01-15
2024-01-16 00:00:00,9.19,9.34,143831258,9.35,9.16,1334465409.0,0.13,1.41,0.74,9.21,000001,2024-01-16
2024-01-17 00:00:00,9.33,9.23,148229621,9.39,9.23,1380725065.0,-0.11,-1.18,0.76,9.34,000001,2024-01-17
2024-01-18 00:00:00,9.21,9.20,175513247,9.24,9.00,1597853727.0,-0.03,-0.33,0.90,9.23,000001,2024-01-18
2024-01-19 00:00:00,9.16,9.17,96398142,9.20,9.10,881865024.0,-0.03,-0.33,0.50,9.20,000001,2024-01-19
2024-01-22 00:00:00,9.16,9.10,158031966,9.26,9.04,1449858242.0,-0.07,-0.76,0.81,9.17,000001,2024-01-22
2024-01-23 00:00:00,9.05,9.16,113554458,9.18,8.96,1030898421.0,0.06,0.66,0.59,9.10,000001,2024-01-23
2024-01-24 00:00:00,9.23,9.33,175912316,9.34,9.07,1620099272.0,0.17,1.86,0.91,9.16,000001,2024-01-24
2024-01-25 00:00:00,9.33,9.50,216251395,9.54,9.27,2037648413.0,0.17,1.82,1.11,9.33,000001,2024-01-25
2024-01-26 00:00:00,9.47,9.62,227228706,9.67,9.44,2172799799.0,0.12,1.26,1.17,9.50,000001,2024-01-26
2024-01-29 00:00:00,9.69,9.70,237625184,9.88,9.58,2312173346.0,0.08,0.83,1.22,9.62,000001,2024-01-29
2024-01-30 00:00:00,9.61,9.50,157912214,9.70,9.49,1515156604.0,-0.2,-2.06,0.81,9.70,000001,2024-01-30
2024-01-31 00:00:00,9.46,9.46,135721747,9.56,9.38,1286857397.0,-0.04,-0.42,0.70,9.50,000001,2024-01-31
2024-02-01 00:00:00,9.41,9.41,105525987,9.48,9.34,993481907.0,-0.05,-0.53,0.54,9.46,000001,2024-02-01
2024-02-02 00:00:00,9.42,9.27,163421431,9.47,9.07,1520605695.0,-0.14,-1.49,0.84,9.41,000001,2024-02-02
2024-02-05 00:00:00,9.19,9.38,180359190,9.43,9.11,1674566499.0,0.11,1.19,0.93,9.27,000001,2024-02-05
2024-02-06 00:00:00,9.30,9.68,199540954,9.68,9.29,1900324218.0,0.3,3.2,1.03,9.38,000001,2024-02-06
2024-02-07 00:00:00,9.62,9.61,206201497,9.67,9.48,1975435102.0,-0.07,-0.72,1.06,9.68,000001,2024-02-07
2024-02-08 00:00:00,9.58,9.67,165681384,9.67,9.52,1593505690.0,0.06,0.62,0.85,9.61,000001,2024-02-08
